Squad,# Pl,Age,Poss,MP,Starts,Min,90s,Performance_Gls,Performance_Ast,Performance_G+A,Performance_G-PK,PK,PKatt,CrdY,CrdR,Expected_xG,Expected_npxG,Expected_xAG,Expected_npxG+xAG,PrgC,PrgP,Per 90 Minutes_Gls,Per 90 Minutes_Ast,Per 90 Minutes_G+A,Per 90 Minutes_G-PK,G+A-PK,Per 90 Minutes_xG,Per 90 Minutes_xAG,xG+xAG,Per 90 Minutes_npxG,Per 90 Minutes_npxG+xAG,# Pl_None,Starts_None,Min_None,GA,GA90,SoTA,Saves,Performance_Save%,W,D,L,CS,CS%,PKatt_None,PKA,PKsv,PKm,Penalty Kicks_Save%,Gls,Sh,SoT,SoT%,Sh/90,SoT/90,G/Sh,G/SoT,Dist,FK,xG,npxG,npxG/Sh,G-xG,np:G-xG,Mn/MP,Min%,Mn/Start,Compl,Subs,Mn/Sub,unSub,PPM,onG,onGA,+/-,+/-90,onxG,onxGA,xG+/-,xG+/-90,2CrdY,Fls,Fld,Off,Crs,Int,TklW,PKwon,PKcon,OG,Recov,Won,Lost,Won%,FK_None,CK,PSxG,PSxG/SoT,PSxG+/-,/90,Cmp,Launched_Att,Cmp%,Att (GK),Thr,Passes_Launch%,Passes_AvgLen,Goal Kicks_Att,Goal Kicks_Launch%,Goal Kicks_AvgLen,Opp,Stp,Stp%,#OPA,#OPA/90,AvgDist,Total_Cmp,Total_Att,Total_Cmp%,TotDist,PrgDist,Short_Cmp,Short_Att,Short_Cmp%,Medium_Cmp,Medium_Att,Medium_Cmp%,Long_Cmp,Long_Att,Long_Cmp%,Ast,xAG,xA,A-xAG,KP,1/3,PPA,CrsPA,SCA,SCA90,SCA Types_PassLive,SCA Types_PassDead,SCA Types_TO,SCA Types_Sh,SCA Types_Fld,SCA Types_Def,GCA,GCA90,GCA Types_PassLive,GCA Types_PassDead,GCA Types_TO,GCA Types_Sh,GCA Types_Fld,GCA Types_Def,Tackles_Tkl,Def 3rd,Mid 3rd,Att 3rd,Challenges_Tkl,Att,Tkl%,Lost_None,Blocks,Sh_None,Pass,Tkl+Int,Clr,Err,Touches,Def Pen,Def 3rd_None,Mid 3rd_None,Att 3rd_None,Att Pen,Live,Att_None,Succ,Succ%,Tkld,Tkld%,Carries,TotDist_None,PrgDist_None,1/3_None,CPA,Mis,Dis,Rec,PrgR,Season
Arsenal,26,24.7,59.3,38,418,3420,38.0,84,64,148,81,3,4,51,0.0,71.7,68.9,53.6,122.5,824,2049,2.21,1.68,3.89,2.13,3.82,1.89,1.41,3.3,1.81,3.22,1,38,3420.0,43,1.13,136,94,70.6,26,6,6,14,36.8,5,3,0,2,0.0,84,589,194,32.9,15.5,5.11,0.14,0.42,16.0,16,71.7,68.9,0.12,12.3,12.1,90,100,85.0,270.0,150,15,192,2.21,88,43,45,1.18,71.7,42.0,29.7,0.78,0,373,435,56,674,237,343,3,5,1,1984,486,559,46.5,0,6,40.0,0.28,-2.0,-0.05,109,429,25.4,924,174,36.6,33.3,185,49.2,42.8,381,22,5.8,43,1.13,16.1,18281,21969,83.2,310206,100635,8542,9478,90.1,7825,8821,88.7,1454,2548,57.1,64,53.6,46.8,10.4,443,1637,459,62,1045,27.5,776,78,57,73,43,18,150,3.95,121,6,5,13,3,2,568,238,212,118,249,509,48.9,260,362,86,276,805,599,23,25909,1994,6632,11452,8015,1296,25905,751,351,46.7,290,38.6,15924,84012,44202,583,281,526,378,18101,2024,2022-2023
Aston Villa,26,27.0,49.3,38,418,3420,38.0,49,35,84,46,3,4,80,1.0,50.3,47.2,38.8,86.0,637,1242,1.29,0.92,2.21,1.21,2.13,1.32,1.02,2.34,1.24,2.26,2,38,3420.0,46,1.21,151,108,72.8,18,7,13,12,31.6,6,5,1,0,16.7,49,427,145,34.0,11.24,3.82,0.11,0.32,18.0,18,50.3,47.2,0.11,-1.3,-1.2,90,100,83.0,274.0,144,20,193,1.61,51,46,5,0.13,50.3,52.5,-2.2,-0.06,0,417,498,58,561,324,338,4,6,4,1847,442,465,48.7,1,9,42.8,0.25,0.8,0.02,214,585,36.6,1247,153,37.0,37.6,265,46.8,38.3,528,65,12.3,76,2.0,14.2,13782,17396,79.2,244073,87581,6111,6947,88.0,5979,6934,86.2,1345,2579,52.2,35,38.8,31.6,-3.8,318,964,268,80,751,19.76,565,50,48,38,40,10,84,2.21,55,2,6,12,6,3,632,305,251,76,312,648,48.1,336,438,118,320,956,714,14,21500,2783,7912,9077,4705,746,21495,682,293,43.0,279,40.9,12295,65580,33150,434,174,565,371,13587,1227,2022-2023
Bournemouth,31,26.3,40.4,38,418,3420,38.0,37,24,61,37,0,0,68,0.0,38.5,38.5,28.4,66.9,504,1006,0.97,0.63,1.61,0.97,1.61,1.01,0.75,1.76,1.01,1.76,2,38,3420.0,71,1.87,204,136,68.1,11,6,21,8,21.1,7,6,0,1,0.0,37,358,126,35.2,9.42,3.32,0.1,0.29,15.5,14,38.5,38.5,0.11,-1.5,-1.5,90,100,84.0,279.0,141,19,201,1.03,37,71,-34,-0.89,38.5,63.8,-25.3,-0.67,0,391,365,38,509,353,371,0,7,3,1942,521,539,49.2,0,16,63.6,0.29,-4.4,-0.11,231,591,39.1,847,190,44.0,31.9,353,61.8,44.1,739,40,5.4,30,0.79,10.5,11715,15381,76.2,206704,82672,5412,6278,86.2,4751,5644,84.2,1192,2491,47.9,24,28.4,26.3,-4.4,261,850,237,75,616,16.21,444,45,53,43,24,7,64,1.68,44,5,4,8,2,1,618,316,249,53,256,614,41.7,358,499,170,329,971,1027,11,19950,2934,8004,7933,4256,699,19950,743,329,44.3,344,46.3,10340,55360,27431,389,144,589,367,11617,986,2022-2023
Brentford,25,26.2,43.8,38,418,3420,38.0,56,36,92,49,7,8,57,1.0,56.3,50.1,38.4,88.5,392,1131,1.47,0.95,2.42,1.29,2.24,1.48,1.01,2.49,1.32,2.33,1,38,3420.0,46,1.21,197,154,77.7,15,14,9,12,31.6,2,2,0,0,0.0,56,400,147,36.8,10.53,3.87,0.12,0.33,15.7,14,56.3,50.1,0.13,-0.3,-1.1,90,100,82.0,247.0,171,19,171,1.55,58,46,12,0.32,56.3,48.8,7.5,0.2,1,354,399,72,661,341,338,7,2,3,1959,664,617,51.8,1,9,48.1,0.24,5.1,0.13,347,882,39.3,1361,160,50.9,39.5,275,68.7,51.0,598,53,8.9,54,1.42,15.7,11317,15551,72.8,209962,87002,5142,6116,84.1,4475,5602,79.9,1438,2947,48.8,36,38.4,30.5,-2.4,284,922,279,87,702,18.47,475,99,32,45,44,7,98,2.58,65,8,4,8,11,2,588,271,228,89,253,599,42.2,346,456,168,288,929,822,14,19749,2632,7290,7803,4835,827,19741,600,267,44.5,248,41.3,10409,49018,23993,300,102,520,336,11203,1121,2022-2023
Brighton,29,26.3,60.2,38,418,3420,38.0,68,46,114,62,6,6,58,0.0,73.3,68.9,52.2,121.2,809,1849,1.79,1.21,3.0,1.63,2.84,1.93,1.37,3.3,1.81,3.19,2,38,3420.0,53,1.39,131,82,64.1,18,8,12,12,31.6,8,6,2,0,25.0,68,607,219,36.1,15.97,5.76,0.1,0.28,16.8,12,73.3,68.9,0.12,-5.3,-6.9,90,100,83.0,277.0,143,19,199,1.63,72,53,19,0.5,73.3,50.2,23.1,0.61,0,427,407,70,694,303,340,4,8,6,2013,444,387,53.4,0,6,42.7,0.27,-4.3,-0.11,94,279,33.7,1067,151,21.4,28.9,247,20.6,23.2,355,27,7.6,32,0.84,12.3,19210,22888,83.9,319736,106474,9346,10305,90.7,7892,8919,88.5,1463,2462,59.4,46,52.2,44.7,-6.2,480,1459,391,78,1075,28.29,819,73,81,63,27,12,115,3.03,83,3,13,9,6,1,616,270,242,104,266,561,47.4,295,392,104,288,919,432,15,26728,2471,7844,12213,6873,1102,26722,726,345,47.5,279,38.4,16331,83718,43965,547,250,558,324,18991,1828,2022-2023
Chelsea,32,26.3,58.7,38,418,3420,38.0,37,27,64,34,3,3,81,3.0,49.5,47.2,38.6,85.8,829,1737,0.97,0.71,1.68,0.89,1.61,1.3,1.02,2.32,1.24,2.26,2,38,3420.0,47,1.24,159,115,71.1,11,11,16,10,26.3,1,1,0,0,0.0,37,481,151,31.4,12.66,3.97,0.07,0.23,16.8,10,49.5,47.2,0.1,-12.5,-13.2,90,100,81.0,243.0,173,22,169,1.16,38,47,-9,-0.24,49.5,52.5,-3.0,-0.08,2,397,462,74,693,341,445,3,1,3,2024,493,453,52.1,1,8,47.0,0.3,3.0,0.08,95,290,32.8,1087,198,18.2,27.6,248,37.1,31.9,460,24,5.2,63,1.66,13.7,19147,22836,83.8,316440,104718,9510,10494,90.6,7700,8709,88.4,1461,2499,58.5,27,38.6,35.3,-11.6,376,1426,370,68,859,22.61,667,66,42,42,31,11,68,1.79,57,3,2,2,4,0,740,363,267,110,333,656,50.8,323,466,108,358,1081,661,21,27166,2564,8461,12057,6850,958,27163,838,380,45.3,352,42.0,16538,83509,43596,622,216,568,381,19065,1729,2022-2023
Crystal Palace,26,26.7,46.3,38,418,3420,38.0,38,29,67,37,1,3,82,3.0,39.3,36.8,29.0,65.8,556,1243,1.0,0.76,1.76,0.97,1.74,1.03,0.76,1.8,0.97,1.73,3,38,3420.0,49,1.29,160,114,71.9,11,12,15,9,23.7,4,4,0,0,0.0,38,423,133,31.4,11.13,3.5,0.09,0.28,17.6,23,39.3,36.8,0.09,-1.3,0.2,90,100,84.0,277.0,138,17,204,1.18,40,49,-9,-0.24,39.3,48.1,-8.8,-0.23,2,446,479,58,591,359,421,2,4,3,2093,496,578,46.2,0,8,44.7,0.26,-1.3,-0.03,153,446,34.3,930,189,33.7,32.3,273,48.7,37.6,539,29,5.4,40,1.05,13.1,13395,17308,77.4,238779,88389,6005,6901,87.0,5794,6772,85.6,1309,2751,47.6,29,29.0,23.8,0.0,316,1013,239,51,746,19.63,497,67,56,49,59,18,67,1.76,43,6,6,6,4,2,690,354,246,90,281,532,52.8,251,463,119,344,1049,807,7,21713,2580,7668,9275,4991,766,21710,784,367,46.8,314,40.1,11687,60301,30015,393,206,643,457,13304,1238,2022-2023
Everton,28,26.6,42.8,38,418,3420,38.0,32,24,56,29,3,3,81,2.0,45.2,42.8,32.4,75.1,500,1052,0.84,0.63,1.47,0.76,1.39,1.19,0.85,2.04,1.13,1.98,2,38,3420.0,57,1.5,185,127,71.9,8,12,18,9,23.7,6,5,1,0,16.7,32,426,143,33.6,11.21,3.76,0.07,0.2,16.8,12,45.2,42.8,0.1,-13.2,-13.8,90,100,84.0,300.0,116,20,225,0.95,34,57,-23,-0.61,45.2,65.5,-20.4,-0.54,1,396,382,64,704,390,424,3,6,0,2049,582,613,48.7,2,4,60.4,0.3,3.4,0.09,274,814,33.7,1012,156,57.7,34.9,325,70.8,52.4,589,23,3.9,52,1.37,5.0,11790,15783,74.7,214056,82478,5336,6174,86.4,4771,5750,83.0,1366,2947,46.4,24,32.4,26.9,-8.4,308,964,224,67,735,19.34,493,84,39,54,45,20,59,1.55,41,5,5,2,4,2,708,362,257,89,309,619,49.9,310,510,180,330,1098,874,17,20233,2527,7219,8418,4830,742,20229,674,310,46.0,296,43.9,10479,56737,27858,391,137,605,300,11708,1042,2022-2023
Fulham,29,28.2,48.8,38,418,3420,38.0,52,33,85,47,5,9,80,1.0,46.2,39.1,28.5,67.7,663,1326,1.37,0.87,2.24,1.24,2.11,1.22,0.75,1.97,1.03,1.78,2,38,3420.0,53,1.39,196,144,76.5,15,7,16,9,23.7,8,7,1,0,12.5,52,420,137,32.6,11.05,3.61,0.11,0.34,17.3,17,46.2,39.1,0.1,5.8,7.9,90,100,84.0,265.0,152,15,190,1.37,55,53,2,0.05,46.2,63.6,-17.4,-0.46,0,411,405,60,769,340,350,8,8,2,1979,511,550,48.2,1,8,60.1,0.28,9.1,0.24,140,438,32.0,1176,193,28.4,46.0,280,37.1,35.0,490,36,7.3,48,1.26,14.0,13974,18014,77.6,255629,89303,5867,6818,86.1,6222,7333,84.8,1551,2860,54.2,33,28.5,23.7,4.5,306,1044,284,97,751,19.76,528,78,29,54,47,15,90,2.37,56,9,5,11,7,2,625,295,229,101,299,588,50.9,289,455,125,330,965,749,15,22162,2563,7462,9525,5416,758,22153,607,281,46.3,238,39.2,12252,68216,35374,474,124,535,379,13848,1316,2022-2023
Leeds United,29,25.3,47.0,38,418,3420,38.0,45,31,76,44,1,3,89,3.0,47.3,44.9,31.8,76.7,555,1429,1.18,0.82,2.0,1.16,1.97,1.24,0.84,2.08,1.18,2.02,2,38,3420.0,78,2.05,185,108,60.5,7,10,21,5,13.2,6,5,0,1,0.0,45,459,141,30.7,12.08,3.71,0.1,0.31,16.6,19,47.3,44.9,0.1,-2.3,-0.9,90,100,82.0,260.0,157,21,185,0.82,48,78,-30,-0.79,47.3,67.1,-19.8,-0.52,2,467,405,60,653,392,480,2,6,1,2206,586,607,49.1,1,7,64.1,0.32,-12.9,-0.34,124,520,23.8,883,214,40.8,41.1,275,58.2,44.1,475,36,7.6,69,1.82,11.6,12437,16924,73.5,206567,84295,6115,7225,84.6,4782,5973,80.1,1072,2528,42.4,31,31.8,27.3,-0.8,337,1086,270,70,783,20.61,535,99,32,54,48,15,69,1.82,43,7,4,9,3,3,840,376,343,121,412,863,47.7,451,536,131,405,1232,734,18,21642,2125,6971,9290,5587,796,21639,688,268,39.0,328,47.7,11342,55027,27060,379,146,602,421,12329,1418,2022-2023
Leicester City,28,26.1,47.7,38,418,3420,38.0,49,36,85,46,3,6,63,2.0,50.5,45.7,38.4,84.1,580,1304,1.29,0.95,2.24,1.21,2.16,1.33,1.01,2.34,1.2,2.21,2,38,3420.0,68,1.79,178,113,64.0,9,7,22,7,18.4,5,4,1,0,20.0,49,412,142,34.5,10.84,3.74,0.11,0.32,17.7,14,50.5,45.7,0.11,-1.5,0.3,90,100,82.0,278.0,138,23,203,0.89,51,68,-17,-0.45,50.5,63.3,-12.8,-0.34,2,410,397,83,496,367,412,5,5,5,2013,512,558,47.9,4,8,55.4,0.29,-7.6,-0.2,132,497,26.6,1004,203,34.5,37.2,311,48.6,38.6,558,36,6.5,48,1.26,10.3,14887,18871,78.9,249219,89055,7245,8221,88.1,6087,7165,85.0,1165,2422,48.1,36,38.4,26.3,-2.4,319,1142,220,52,744,19.58,540,52,50,50,38,14,87,2.29,59,2,8,8,7,3,699,345,291,63,308,677,45.5,369,517,170,347,1066,777,12,23124,2681,8409,10293,4641,688,23118,623,294,47.2,245,39.3,12503,63356,31619,363,175,548,313,14797,1294,2022-2023
Liverpool,28,27.4,60.8,38,418,3420,38.0,71,58,129,69,2,4,57,1.0,71.5,68.4,55.6,124.1,719,1992,1.87,1.53,3.39,1.82,3.34,1.88,1.46,3.35,1.8,3.26,2,38,3420.0,47,1.24,157,111,71.3,19,10,9,14,36.8,4,2,1,1,33.3,71,601,203,33.8,15.82,5.34,0.11,0.34,16.2,7,71.5,68.4,0.12,-0.5,0.6,90,100,82.0,253.0,164,20,178,1.76,75,47,28,0.74,71.5,50.8,20.7,0.55,0,405,321,84,799,333,370,3,4,2,2211,482,455,51.4,0,0,54.1,0.33,9.1,0.24,118,285,41.4,1258,217,18.4,24.3,215,24.7,29.9,400,23,5.8,89,2.34,9.0,20043,24361,82.3,352929,120466,9023,10114,89.2,8561,9758,87.7,1962,3283,59.8,58,55.6,52.3,2.4,458,1615,452,85,1046,27.53,778,85,56,75,33,19,129,3.39,97,9,7,8,7,1,590,228,250,112,281,651,43.2,370,350,74,276,923,568,20,28398,2310,8119,13329,7149,1252,28394,693,323,46.6,281,40.5,17148,82470,41527,569,234,584,413,19921,1974,2022-2023
Manchester City,24,27.2,64.7,38,418,3420,38.0,92,69,161,83,9,10,44,1.0,78.6,71.1,57.5,128.6,988,2073,2.42,1.82,4.24,2.18,4.0,2.07,1.51,3.58,1.87,3.38,2,38,3420.0,33,0.87,92,60,67.4,28,5,5,13,34.2,3,3,0,0,0.0,92,590,205,34.7,15.53,5.39,0.14,0.4,16.6,20,78.6,71.1,0.12,13.4,11.9,90,100,84.0,294.0,123,19,219,2.34,94,33,61,1.61,78.6,32.1,46.5,1.22,0,347,384,51,742,223,272,9,3,1,1866,438,364,54.6,1,4,30.3,0.3,-1.7,-0.05,128,287,44.6,1242,163,18.9,28.0,181,28.7,30.4,312,20,6.4,40,1.05,15.7,23263,26642,87.3,396454,114920,11020,11888,92.7,9848,10836,90.9,1932,2849,67.8,69,57.5,57.6,11.5,464,1770,445,75,1099,28.92,826,81,53,76,49,14,168,4.42,130,7,8,9,12,2,471,185,198,88,212,462,45.9,250,339,95,244,694,402,9,29895,2170,7410,14372,8301,1277,29885,704,336,47.7,239,33.9,19122,104099,56216,754,279,406,298,22992,2054,2022-2023
Manchester Utd,26,26.9,53.7,38,418,3420,38.0,56,42,98,53,3,3,78,2.0,67.7,65.3,52.2,117.5,711,1595,1.47,1.11,2.58,1.39,2.5,1.78,1.37,3.15,1.72,3.09,1,38,3420.0,43,1.13,142,99,71.1,23,6,9,17,44.7,3,2,1,0,33.3,56,590,206,34.9,15.53,5.42,0.09,0.26,17.8,20,67.7,65.3,0.11,-11.7,-12.3,90,100,83.0,269.0,149,19,192,1.97,58,43,15,0.39,67.7,50.4,17.3,0.45,0,424,297,79,517,352,400,2,3,1,2190,465,434,51.7,2,6,41.3,0.27,-0.7,-0.02,141,449,31.4,909,128,37.0,32.3,302,37.4,31.7,526,15,2.9,32,0.84,14.8,16603,20525,80.9,276625,97026,8273,9294,89.0,6359,7306,87.0,1438,2651,54.2,42,52.2,44.6,-10.2,478,1268,398,57,1051,27.66,840,58,46,63,35,9,99,2.61,79,3,8,5,4,0,657,343,231,83,300,600,50.0,300,496,146,350,1009,771,11,24847,2639,8093,10389,6569,1036,24844,730,317,43.4,338,46.3,14245,70351,37126,515,239,497,293,16447,1578,2022-2023
Newcastle Utd,27,27.3,52.3,38,418,3420,38.0,64,42,106,58,6,6,61,1.0,71.9,67.3,51.8,119.1,695,1618,1.68,1.11,2.79,1.53,2.63,1.89,1.36,3.26,1.77,3.13,2,38,3418.0,33,0.87,127,94,75.6,19,14,5,14,36.8,5,2,2,1,50.0,64,565,184,32.6,14.87,4.84,0.1,0.32,15.6,15,71.9,67.3,0.12,-7.9,-9.3,90,100,84.0,263.0,155,16,185,1.87,68,33,35,0.92,71.9,39.5,32.3,0.85,0,406,399,71,740,333,360,2,5,2,2065,552,426,56.4,0,8,33.2,0.24,2.2,0.06,126,378,33.3,714,246,32.2,20.7,230,64.3,48.5,441,35,7.9,74,1.95,12.4,13925,17837,78.1,246297,90893,6433,7370,87.3,5580,6605,84.5,1523,2774,54.9,42,51.8,45.0,-9.8,435,1083,403,64,1008,26.53,690,110,62,77,57,12,106,2.79,64,6,15,10,6,5,607,268,254,85,307,642,47.8,335,448,116,332,940,680,10,22106,2088,6757,9053,6516,1161,22100,784,350,44.6,322,41.1,12023,64186,32987,493,228,576,363,13803,1599,2022-2023
Nott'ham Forest,33,26.5,37.6,38,418,3420,38.0,36,22,58,33,3,6,84,0.0,39.3,34.6,26.3,61.0,436,859,0.95,0.58,1.53,0.87,1.45,1.03,0.69,1.73,0.91,1.6,3,38,3420.0,68,1.79,182,112,65.9,9,11,18,8,21.1,9,6,2,1,25.0,36,362,111,30.7,9.53,2.92,0.09,0.3,17.2,9,39.3,34.6,0.1,-3.3,-1.6,90,100,82.0,261.0,159,21,183,1.0,38,68,-30,-0.79,39.3,64.2,-24.9,-0.66,0,445,390,67,530,349,387,3,9,0,1902,560,600,48.3,2,9,60.1,0.3,-7.9,-0.21,237,712,33.3,957,185,51.0,43.2,338,66.3,47.5,621,35,5.6,38,1.0,17.0,9543,13606,70.1,177315,72656,4046,4952,81.7,4071,5126,79.4,1187,2708,43.8,22,26.3,20.5,-4.3,246,660,172,50,593,15.61,416,59,31,38,36,13,54,1.42,31,5,4,11,3,0,659,380,201,78,296,589,50.3,293,500,156,344,1008,944,7,17911,2715,7420,6953,3755,611,17905,574,260,45.3,234,40.8,8674,46411,24020,308,111,537,275,9452,847,2022-2023
Southampton,36,24.7,44.5,38,418,3420,38.0,36,25,61,34,2,4,73,0.0,37.8,34.6,28.1,62.7,588,1125,0.95,0.66,1.61,0.89,1.55,0.99,0.74,1.73,0.91,1.65,2,38,3420.0,73,1.92,150,81,52.7,6,7,25,4,10.5,3,2,1,0,33.3,36,413,132,32.0,10.87,3.47,0.08,0.26,18.1,17,37.8,34.6,0.09,-1.8,-0.6,90,100,81.0,243.0,175,22,167,0.66,36,73,-37,-0.97,37.8,60.9,-23.1,-0.61,0,430,378,57,613,427,426,3,3,5,2130,551,611,47.4,1,8,46.3,0.29,-21.7,-0.57,234,742,31.5,1115,173,50.5,36.5,303,59.1,44.9,548,42,7.7,55,1.45,13.5,12319,16391,75.2,211636,79814,5972,6925,86.2,4830,5823,82.9,1170,2625,44.6,25,28.1,26.0,-3.1,302,938,239,71,718,18.89,493,77,46,51,38,13,61,1.61,35,5,7,5,6,3,714,378,279,57,297,612,48.5,315,542,165,377,1141,852,11,21094,2639,7453,8997,4879,712,21090,760,362,47.6,318,41.8,11323,61002,29821,452,131,567,401,12216,1112,2022-2023
Tottenham,29,27.6,50.0,38,418,3420,38.0,68,46,114,63,5,6,77,3.0,57.0,52.3,43.0,95.4,692,1449,1.79,1.21,3.0,1.66,2.87,1.5,1.13,2.63,1.38,2.51,2,38,3420.0,63,1.66,172,109,65.1,18,6,14,10,26.3,4,3,1,0,25.0,68,512,186,36.3,13.47,4.89,0.12,0.34,16.7,14,57.0,52.3,0.1,11.0,10.7,90,100,85.0,278.0,140,15,202,1.58,70,63,7,0.18,57.0,49.6,7.4,0.2,1,424,353,67,719,340,353,5,4,1,1984,549,474,53.7,1,7,55.1,0.3,-6.9,-0.18,113,342,33.0,804,180,31.0,30.2,283,32.9,29.5,515,25,4.9,45,1.18,15.2,15972,19672,81.2,277567,92695,7333,8180,89.6,6707,7682,87.3,1499,2669,56.2,46,43.0,34.0,3.0,386,1071,323,104,910,23.95,692,60,46,55,38,19,116,3.05,84,7,7,9,7,2,619,325,215,79,275,574,47.9,299,428,148,280,959,762,20,23836,2734,8571,10329,5135,842,23830,666,306,45.9,288,43.2,13679,71290,36842,465,189,521,356,15864,1436,2022-2023
West Ham,25,28.2,42.1,38,418,3420,38.0,41,25,66,35,6,8,44,0.0,49.2,43.7,32.7,76.4,615,1274,1.08,0.66,1.74,0.92,1.58,1.29,0.86,2.15,1.15,2.01,2,38,3420.0,55,1.45,170,115,70.0,11,7,20,9,23.7,6,4,1,1,20.0,41,466,133,28.5,12.26,3.5,0.08,0.26,17.3,13,49.2,43.7,0.1,-8.2,-8.7,90,100,84.0,286.0,132,20,204,1.05,42,55,-13,-0.34,49.2,53.0,-3.9,-0.1,0,362,316,62,768,408,336,6,6,1,2023,620,587,51.4,0,4,53.2,0.29,-0.8,-0.02,212,553,38.3,715,167,54.7,33.4,302,53.6,40.8,560,31,5.5,26,0.68,10.3,12369,16357,75.6,219013,84296,5883,6778,86.8,4784,5831,82.0,1383,2753,50.2,25,32.7,26.8,-7.7,340,990,212,80,817,21.5,586,81,40,60,35,15,67,1.76,41,6,6,8,6,0,608,290,226,92,270,563,48.0,293,415,139,276,1016,810,10,20411,2362,6898,8704,4993,756,20403,615,250,40.7,266,43.3,10540,57451,28247,413,166,458,357,12256,1266,2022-2023
Wolves,32,26.7,49.9,38,418,3420,38.0,28,12,40,25,3,3,85,6.0,36.8,34.5,25.4,60.0,610,1343,0.74,0.32,1.05,0.66,0.97,0.97,0.67,1.64,0.91,1.58,2,38,3420.0,58,1.53,174,115,67.8,11,8,19,11,28.9,4,2,2,0,50.0,28,409,119,29.1,10.76,3.13,0.06,0.21,18.0,18,36.8,34.5,0.09,-8.8,-9.5,90,100,80.0,248.0,165,24,175,1.08,31,58,-27,-0.71,36.8,59.9,-23.0,-0.61,1,463,389,62,661,279,370,1,4,1,2052,465,542,46.2,0,6,52.2,0.28,-4.8,-0.13,130,464,28.0,992,196,29.8,32.9,283,59.4,45.1,577,48,8.3,29,0.76,8.0,14554,18294,79.6,264071,87310,6350,7195,88.3,6306,7257,86.9,1574,2890,54.5,12,25.4,21.0,-13.4,294,1110,252,71,713,18.76,520,62,31,47,42,11,44,1.16,32,1,3,6,1,1,660,363,222,75,285,616,46.3,331,497,175,322,939,817,19,22539,2921,8544,9264,4960,686,22536,782,385,49.2,302,38.6,12374,67241,35071,421,142,516,326,14453,1332,2022-2023
Arsenal,27,24.4,52.8,38,418,3420,38.0,60,41,101,55,5,8,67,4.0,60.5,55.1,40.2,95.4,734,1655,1.58,1.08,2.66,1.45,2.53,1.59,1.06,2.65,1.45,2.51,2,38,3420.0,48,1.26,147,100,70.7,22,3,13,13,34.2,6,5,0,1,0.0,60,581,186,32.0,15.29,4.89,0.09,0.3,17.8,21,60.5,55.1,0.1,-0.5,-0.1,90,100,85.0,304.0,110,17,232,1.82,61,48,13,0.34,60.5,45.7,14.9,0.39,3,365,357,66,633,296,311,6,6,1,1861,463,572,44.7,0,3,47.6,0.29,0.6,0.02,151,533,28.3,1037,175,36.0,33.8,251,63.7,48.3,487,32,6.6,61,1.61,7.3,16176,19843,81.5,280868,91114,7325,8210,89.2,7187,8140,88.3,1326,2584,51.3,41,40.2,34.6,0.8,437,1354,329,74,1030,27.11,788,68,57,66,39,12,99,2.61,69,8,4,13,4,1,540,261,195,84,244,500,48.8,256,386,123,263,836,658,20,23780,2227,7151,10336,6491,982,23772,590,319,54.1,271,45.9,13993,73530,39388,494,223,557,337,16066,1642,2021-2022
Aston Villa,31,26.1,46.5,38,418,3420,38.0,50,42,92,47,3,3,81,2.0,44.0,42.0,34.8,76.8,653,1300,1.32,1.11,2.42,1.24,2.34,1.16,0.92,2.08,1.1,2.02,3,38,3420.0,54,1.42,149,96,66.4,13,6,19,11,28.9,6,4,1,1,20.0,50,461,159,34.5,12.13,4.18,0.1,0.3,17.6,20,44.0,42.0,0.09,6.0,5.0,90,100,85.0,304.0,113,20,228,1.18,52,54,-2,-0.05,44.0,49.0,-4.9,-0.13,1,401,504,52,670,339,382,2,6,2,1850,538,561,49.0,2,5,46.5,0.29,-5.5,-0.14,157,442,35.5,880,176,36.5,33.6,303,39.9,34.8,513,40,7.8,34,0.89,15.4,12748,16499,77.3,220973,85405,5916,6803,87.0,5184,6136,84.5,1239,2571,48.2,42,34.8,30.0,7.2,356,1019,293,70,837,22.03,608,85,49,41,48,6,93,2.45,65,9,9,7,3,0,634,300,259,75,300,649,46.2,349,453,140,313,973,693,13,20609,2411,6876,8896,5049,825,20606,587,333,56.7,254,43.3,11796,62511,31674,422,166,595,344,12668,1293,2021-2022
Brentford,29,25.4,44.8,38,418,3420,38.0,46,33,79,40,6,6,65,3.0,45.8,41.1,33.0,74.1,450,1189,1.21,0.87,2.08,1.05,1.92,1.21,0.87,2.07,1.08,1.95,3,38,3420.0,56,1.47,179,125,71.5,13,7,18,9,23.7,5,5,0,0,0.0,46,436,141,32.3,11.47,3.71,0.09,0.28,16.3,11,45.8,41.1,0.1,0.2,-1.1,90,100,84.0,304.0,114,22,223,1.21,48,56,-8,-0.21,45.8,48.5,-2.7,-0.07,2,371,363,66,640,393,342,6,5,2,2061,717,728,49.6,1,8,49.4,0.25,-4.6,-0.12,298,768,38.8,1355,184,43.2,36.2,300,61.0,45.2,626,37,5.9,58,1.53,15.8,11676,16272,71.8,211867,85983,5201,6312,82.4,4797,6120,78.4,1357,2852,47.6,33,33.0,33.8,0.0,311,942,262,81,739,19.45,487,96,37,62,43,14,78,2.05,46,11,4,8,9,0,607,299,228,80,291,616,47.2,325,383,113,270,1000,863,7,20462,2793,7862,8201,4566,819,20456,476,262,55.0,214,45.0,10280,49925,26085,332,102,563,291,11565,1170,2021-2022
Brighton,26,26.2,54.4,38,418,3420,38.0,40,30,70,36,4,7,72,2.0,46.2,40.7,32.3,72.9,676,1547,1.05,0.79,1.84,0.95,1.74,1.21,0.85,2.06,1.07,1.92,2,38,3419.0,44,1.16,146,102,71.9,12,15,11,11,28.9,4,3,0,1,0.0,40,482,141,29.3,12.68,3.71,0.07,0.26,17.7,15,46.2,40.7,0.09,-6.2,-4.7,90,100,84.0,308.0,111,22,231,1.34,42,44,-2,-0.05,46.2,42.9,3.3,0.09,0,393,355,53,728,358,403,4,4,0,2154,569,498,53.3,1,6,42.5,0.28,-1.5,-0.04,161,568,28.3,1317,188,31.4,23.9,241,64.3,48.8,535,60,11.2,36,0.95,9.3,16410,20588,79.7,288827,95307,7195,8172,88.0,7130,8208,86.9,1579,2953,53.5,30,32.3,31.5,-2.3,356,1187,342,72,870,22.89,630,84,49,55,40,12,72,1.89,49,8,4,6,4,1,668,306,257,105,243,563,43.2,320,480,150,330,1026,723,12,24854,2629,8034,10520,6505,876,24847,559,317,56.7,242,43.3,13919,68537,35095,519,139,598,349,16278,1529,2021-2022
Burnley,23,28.5,40.2,38,418,3420,38.0,32,26,58,31,1,2,68,2.0,39.7,38.1,31.2,69.3,388,972,0.84,0.68,1.53,0.82,1.5,1.05,0.82,1.87,1.0,1.82,2,38,3420.0,53,1.39,178,127,73.0,7,14,17,9,23.7,5,5,0,0,0.0,32,405,119,29.4,10.66,3.13,0.08,0.26,17.2,14,39.7,38.1,0.1,-7.7,-7.1,90,100,86.0,321.0,96,19,244,0.92,34,53,-19,-0.5,39.7,57.1,-17.4,-0.46,0,394,332,101,747,410,324,2,5,2,2027,827,733,53.0,1,7,47.5,0.25,-3.5,-0.09,346,870,39.8,850,154,69.8,50.8,304,91.1,61.3,642,46,7.2,84,2.21,17.0,9454,14107,67.0,178791,80195,4297,5327,80.7,3306,4472,73.9,1457,3216,45.3,26,31.2,28.0,-5.2,286,877,240,84,674,17.74,455,81,28,50,50,10,60,1.58,39,9,5,3,4,0,590,273,235,82,250,534,46.8,284,509,211,298,1000,887,18,18371,2247,5842,8051,4686,663,18369,479,258,53.9,221,46.1,8229,42272,19061,300,84,540,291,9342,958,2021-2022
Chelsea,26,27.4,61.8,38,418,3420,38.0,75,52,127,67,8,9,63,1.0,63.4,56.6,44.9,101.5,894,1967,1.97,1.37,3.34,1.76,3.13,1.67,1.18,2.85,1.49,2.67,2,38,3420.0,33,0.87,115,83,76.5,21,11,6,16,42.1,6,6,0,0,0.0,75,583,200,34.3,15.34,5.26,0.11,0.34,17.4,26,63.4,56.6,0.1,11.6,10.4,90,100,84.0,306.0,111,22,226,1.95,76,33,43,1.13,63.4,33.2,30.1,0.79,0,409,392,69,745,347,348,8,6,1,2084,538,486,52.5,0,2,31.6,0.22,-0.4,-0.01,91,222,41.0,892,183,19.1,26.4,202,25.7,24.9,419,30,7.2,54,1.42,18.8,21190,24888,85.1,342325,113085,10628,11617,91.5,8318,9322,89.2,1524,2514,60.6,52,44.9,42.6,7.1,439,1614,437,66,1064,28.0,818,62,48,75,49,12,135,3.55,97,9,8,10,9,2,621,267,269,85,257,567,45.3,310,408,96,312,968,641,15,28975,2279,7926,13385,7881,1066,28966,624,364,58.3,260,41.7,17090,86187,46504,729,243,591,383,21040,1956,2021-2022
Crystal Palace,24,27.1,51.1,38,418,3420,38.0,50,31,81,44,6,8,69,1.0,46.4,40.1,31.0,71.1,592,1229,1.32,0.82,2.13,1.16,1.97,1.22,0.82,2.04,1.06,1.87,2,38,3420.0,46,1.21,144,99,70.1,11,15,12,12,31.6,4,3,1,0,25.0,50,404,140,34.7,10.63,3.68,0.11,0.31,16.1,13,46.4,40.1,0.1,3.6,3.9,90,100,85.0,309.0,108,18,229,1.26,50,46,4,0.11,46.4,40.7,5.7,0.15,1,414,481,63,643,333,374,6,4,2,2103,610,618,49.7,2,11,38.5,0.24,-5.5,-0.14,130,375,34.7,994,222,26.8,29.8,272,40.1,33.1,525,28,5.3,43,1.13,11.2,14983,19081,78.5,265538,92523,6553,7495,87.4,6521,7610,85.7,1467,2871,51.1,31,31.0,30.2,0.0,305,990,270,75,711,18.71,500,63,43,46,43,16,81,2.13,53,3,7,8,9,1,637,323,236,78,273,575,47.5,302,452,135,317,970,761,5,23466,2753,8764,9989,4943,749,23458,687,382,55.6,305,44.4,13129,65928,33176,410,149,671,471,14878,1214,2021-2022
Everton,33,26.7,40.0,38,418,3420,38.0,42,29,71,36,6,7,82,6.0,41.2,35.8,28.5,64.3,512,1100,1.11,0.76,1.87,0.95,1.71,1.09,0.75,1.83,0.94,1.69,2,38,3420.0,66,1.74,188,127,66.0,11,6,21,8,21.1,2,2,0,0,0.0,42,430,130,30.2,11.32,3.42,0.08,0.28,17.7,18,41.2,35.8,0.08,0.8,0.2,90,100,85.0,317.0,97,21,240,1.03,43,66,-23,-0.61,41.2,55.4,-14.2,-0.37,2,368,388,53,653,365,402,7,2,5,2023,634,725,46.7,2,13,55.9,0.29,-5.1,-0.13,292,844,34.6,927,124,65.2,48.9,298,80.5,59.5,568,26,4.6,37,0.97,10.7,10366,14557,71.2,184813,76163,4889,5859,83.4,3844,4901,78.4,1215,2704,44.9,29,28.5,25.1,0.5,323,898,255,77,742,19.53,533,69,43,42,45,10,68,1.79,46,4,4,6,8,0,705,369,252,84,336,735,45.7,399,496,140,356,1070,815,15,19075,2289,6394,7899,5013,728,19068,634,337,53.2,295,46.5,9422,53443,25599,388,143,640,325,10276,1086,2021-2022
Leeds United,29,26.1,52.3,38,418,3420,38.0,42,26,68,37,5,5,101,3.0,44.4,40.4,31.3,71.8,671,1483,1.11,0.68,1.79,0.97,1.66,1.17,0.82,1.99,1.06,1.89,2,38,3420.0,79,2.08,224,146,67.0,9,11,18,5,13.2,5,5,0,0,0.0,42,480,142,29.6,12.63,3.74,0.08,0.26,18.3,13,44.4,40.4,0.09,-2.4,-3.4,90,100,82.0,312.0,106,29,234,1.0,42,79,-37,-0.97,44.4,67.8,-23.5,-0.62,0,469,368,63,648,395,437,4,5,1,2260,470,626,42.9,3,10,62.4,0.26,-15.6,-0.41,109,413,26.4,1108,276,27.5,30.4,292,37.0,33.2,445,23,5.2,47,1.24,23.7,13989,18288,76.5,242664,89161,6271,7285,86.1,5921,7050,84.0,1325,2754,48.1,26,31.3,25.1,-5.3,347,995,272,53,825,21.71,589,68,52,60,42,14,66,1.74,36,2,10,10,5,3,787,396,298,93,408,886,46.0,478,473,143,330,1182,621,15,22705,2608,8521,9502,4919,789,22700,655,339,51.8,316,48.2,12260,67099,36354,412,170,676,298,13865,1467,2021-2022
Leicester City,28,26.5,52.0,38,418,3420,38.0,62,46,108,60,2,2,55,1.0,47.8,46.2,34.2,80.4,622,1356,1.63,1.21,2.84,1.58,2.79,1.26,0.9,2.16,1.22,2.12,2,38,3420.0,59,1.55,192,132,72.9,14,10,14,7,18.4,9,7,2,0,22.2,62,433,164,37.9,11.39,4.32,0.14,0.37,17.8,14,47.8,46.2,0.11,14.2,13.8,90,100,84.0,308.0,109,23,232,1.37,62,59,3,0.08,47.8,59.3,-11.5,-0.3,0,356,396,60,556,367,384,1,9,1,2015,530,553,48.9,1,15,56.9,0.26,-1.1,-0.03,196,491,39.9,1021,174,35.7,25.8,302,41.7,36.7,551,16,2.9,39,1.03,10.7,16129,20137,80.1,269547,94214,7751,8789,88.2,6573,7579,86.7,1329,2581,51.5,46,34.2,26.9,11.8,312,1025,254,57,745,19.61,566,41,48,42,33,15,105,2.76,81,3,4,8,5,4,690,336,270,84,306,720,42.5,414,469,146,323,1057,777,15,24409,2771,8575,11067,4962,746,24407,547,297,54.3,250,45.7,13897,68708,34763,467,157,601,368,16036,1351,2021-2022
Liverpool,27,27.7,62.7,38,418,3420,38.0,94,71,165,87,7,8,50,1.0,88.7,82.7,63.5,146.2,885,2243,2.47,1.87,4.34,2.29,4.16,2.33,1.67,4.0,2.18,3.85,2,38,3420.0,26,0.68,107,82,75.7,28,8,2,21,55.3,0,0,0,0,,94,721,237,32.9,18.97,6.24,0.12,0.37,16.7,13,88.7,82.7,0.12,5.3,4.3,90,100,85.0,306.0,111,19,231,2.42,94,26,68,1.79,88.7,33.8,54.9,1.45,0,363,286,63,897,340,320,5,0,1,2265,571,467,55.0,0,3,26.6,0.26,1.6,0.04,116,268,43.3,1294,224,16.2,22.7,185,31.4,32.7,360,22,6.1,92,2.42,17.1,21163,25552,82.8,370621,127087,9420,10506,89.7,9245,10569,87.5,2000,3211,62.3,71,63.5,56.2,7.5,527,1878,511,92,1249,32.87,912,105,63,104,49,16,163,4.29,121,9,9,19,5,0,554,207,240,107,233,576,40.5,343,359,74,285,894,523,8,29575,2130,7195,14176,8419,1377,29567,635,343,54.0,291,45.8,17262,84190,45325,672,290,590,366,21042,2227,2021-2022
Manchester City,26,27.0,67.9,38,418,3420,38.0,96,63,159,89,7,9,42,1.0,88.7,81.4,65.5,146.9,1145,2421,2.53,1.66,4.18,2.34,4.0,2.33,1.72,4.06,2.14,3.87,2,38,3420.0,26,0.68,85,59,70.6,29,6,3,21,55.3,1,1,0,0,0.0,96,704,237,33.7,18.53,6.24,0.13,0.38,16.3,17,88.7,81.4,0.12,7.3,7.6,90,100,86.0,338.0,79,20,261,2.45,99,26,73,1.92,88.7,24.6,64.0,1.68,0,321,330,66,869,279,284,7,1,0,1967,482,397,54.8,0,1,25.8,0.29,-0.2,-0.01,88,188,46.8,1018,171,15.7,25.7,147,19.0,26.2,310,21,6.8,58,1.53,19.0,24406,27902,87.5,412596,117964,11713,12605,92.9,10158,11162,91.0,1972,2895,68.1,63,65.5,57.1,-2.5,536,2110,535,74,1286,33.84,997,78,70,88,42,11,158,4.16,112,10,6,19,8,3,498,183,214,101,227,509,44.6,282,267,55,212,777,403,7,31381,1837,6566,15281,9729,1499,31372,741,425,57.4,316,42.6,21064,110018,61200,840,386,497,316,24212,2402,2021-2022
Manchester Utd,29,27.2,52.7,38,418,3420,38.0,56,46,102,53,3,5,77,2.0,55.8,51.9,42.5,94.3,784,1568,1.47,1.21,2.68,1.39,2.61,1.47,1.12,2.59,1.36,2.48,1,38,3420.0,57,1.5,180,124,70.0,16,10,12,8,21.1,5,3,2,0,40.0,56,503,179,35.6,13.24,4.71,0.11,0.3,17.7,19,55.8,51.9,0.11,0.2,1.1,90,100,85.0,303.0,114,20,227,1.53,57,57,0,0.0,55.8,53.0,2.8,0.07,1,396,320,88,659,340,358,3,5,3,2071,555,443,55.6,0,4,55.1,0.29,1.1,0.03,103,315,32.7,623,134,30.0,30.9,299,42.8,35.9,525,8,1.5,25,0.66,14.0,16690,20641,80.9,280259,93084,8162,9234,88.4,6398,7436,86.0,1548,2626,58.9,46,42.5,37.1,3.5,407,1315,312,65,917,24.13,706,65,56,38,39,13,104,2.74,77,6,6,7,5,3,585,320,197,68,265,608,43.6,343,404,133,271,925,704,20,24652,2256,7391,11141,6331,883,24647,631,368,58.3,263,41.7,13954,76394,41495,587,213,538,333,16590,1562,2021-2022
Newcastle Utd,29,27.5,40.4,38,418,3420,38.0,41,23,64,38,3,3,81,2.0,38.1,35.9,25.8,61.7,544,923,1.08,0.61,1.68,1.0,1.61,1.0,0.68,1.68,0.94,1.62,3,38,3420.0,62,1.63,165,104,65.5,13,10,15,8,21.1,6,5,1,0,16.7,41,446,142,31.8,11.74,3.74,0.09,0.27,18.1,15,38.1,35.9,0.08,2.9,2.1,90,100,85.0,309.0,108,18,233,1.29,44,62,-18,-0.47,38.1,57.1,-19.0,-0.5,1,392,366,71,592,360,383,1,6,2,1835,677,619,52.2,0,8,52.3,0.29,-7.7,-0.2,302,726,41.6,864,127,50.3,44.5,344,84.6,57.5,521,30,5.8,18,0.47,10.5,10201,14036,72.7,188373,77685,4545,5432,83.7,3917,4880,80.3,1343,2746,48.9,23,25.8,23.3,-2.8,308,791,193,55,758,19.95,504,81,61,57,44,11,70,1.84,46,4,5,9,6,0,659,334,266,59,304,641,47.4,337,420,162,258,1019,776,14,18281,2310,6731,7483,4314,727,18278,632,359,56.8,273,43.2,9243,50896,23964,397,163,622,359,10113,911,2021-2022
Norwich City,28,26.2,42.9,38,418,3420,38.0,21,16,37,18,3,3,57,1.0,32.3,30.0,24.3,54.3,566,1031,0.55,0.42,0.97,0.47,0.89,0.85,0.64,1.49,0.79,1.43,2,38,3420.0,84,2.21,222,139,66.2,5,7,26,6,15.8,12,9,1,2,10.0,21,370,104,28.1,9.74,2.74,0.05,0.17,19.0,18,32.3,30.0,0.08,-11.3,-12.0,90,100,84.0,304.0,114,21,227,0.58,23,84,-61,-1.61,32.3,75.5,-43.2,-1.14,1,356,431,55,568,381,368,2,12,2,1887,493,598,45.2,1,9,67.6,0.27,-14.4,-0.38,179,528,33.9,1065,215,36.3,34.5,311,45.3,38.5,617,17,2.8,33,0.87,17.3,12164,16070,75.7,217007,80065,5578,6484,86.0,4912,5949,82.6,1369,2757,49.7,16,24.3,23.7,-8.3,264,739,226,46,637,16.76,435,67,41,33,50,11,35,0.92,27,2,1,1,3,1,614,322,242,50,297,714,41.6,417,450,180,270,995,860,14,20234,2911,8245,8047,4167,601,20231,581,298,51.3,283,48.7,11136,60854,30074,356,126,548,313,12047,1018,2021-2022
Southampton,25,25.7,47.7,38,418,3420,38.0,41,26,67,37,4,4,65,2.0,44.8,41.6,32.5,74.1,728,1326,1.08,0.68,1.76,0.97,1.66,1.18,0.85,2.03,1.1,1.95,3,38,3420.0,67,1.76,183,118,64.5,9,13,16,8,21.1,2,2,0,0,0.0,41,478,161,33.7,12.58,4.24,0.08,0.23,17.7,24,44.8,41.6,0.09,-3.8,-4.6,90,100,85.0,307.0,110,19,232,1.05,43,67,-24,-0.63,44.8,60.0,-15.2,-0.4,1,402,363,42,711,446,340,4,2,2,2224,672,726,48.1,0,12,57.2,0.31,-7.8,-0.21,196,612,32.0,884,149,46.4,38.4,285,70.9,49.3,573,42,7.3,33,0.87,14.0,12505,16941,73.8,211003,80089,6089,7173,84.9,4893,6093,80.3,1112,2591,42.9,26,32.5,28.7,-6.5,353,1016,249,58,814,21.42,585,68,43,51,49,18,71,1.87,44,5,6,4,9,3,602,285,243,74,248,581,42.7,333,430,132,298,1048,795,13,21418,2216,6541,9409,5713,830,21414,624,350,56.1,274,43.9,11085,62327,31425,561,197,626,366,12388,1314,2021-2022
Tottenham,25,26.5,51.8,38,418,3420,38.0,63,50,113,58,5,5,69,1.0,61.2,57.3,47.0,104.4,791,1459,1.66,1.32,2.97,1.53,2.84,1.61,1.24,2.85,1.51,2.75,1,38,3420.0,40,1.05,137,98,72.3,22,5,11,16,42.1,2,2,0,0,0.0,63,486,185,38.1,12.79,4.87,0.12,0.31,16.7,16,61.2,57.3,0.12,1.8,0.7,90,100,85.0,311.0,106,18,236,1.87,69,40,29,0.76,61.2,39.3,21.9,0.58,1,386,406,62,632,355,349,3,2,1,1893,560,500,52.8,1,5,37.6,0.26,-1.4,-0.04,115,279,41.2,672,161,29.8,31.0,282,28.0,26.4,567,33,5.8,45,1.18,14.2,17204,20696,83.1,283871,93464,8270,9143,90.5,6856,7812,87.8,1376,2371,58.0,50,47.0,41.3,3.0,379,1172,338,81,882,23.21,678,51,46,61,37,9,117,3.08,95,3,4,8,6,1,598,286,244,68,262,584,44.9,322,470,161,309,953,793,15,24853,2515,8010,11453,5627,864,24848,667,375,56.2,291,43.6,15122,82037,42338,596,195,588,341,17097,1450,2021-2022
Watford,30,28.4,40.7,38,418,3420,38.0,33,26,59,32,1,2,63,3.0,40.0,38.4,32.5,70.9,557,1070,0.87,0.68,1.55,0.84,1.53,1.05,0.86,1.91,1.01,1.87,2,38,3420.0,77,2.03,188,113,62.2,6,5,27,4,10.5,7,6,1,0,14.3,33,397,123,31.0,10.45,3.24,0.08,0.26,18.1,24,40.0,38.4,0.1,-7.0,-6.4,90,100,84.0,309.0,106,23,234,0.61,34,77,-43,-1.13,40.0,64.5,-24.5,-0.64,3,442,352,53,610,444,356,2,7,3,2154,711,749,48.7,1,6,60.3,0.29,-13.7,-0.36,267,829,32.2,932,123,61.1,44.7,310,83.9,57.0,642,27,4.2,49,1.29,15.9,10423,14640,71.2,193942,80054,4505,5496,82.0,4270,5325,80.2,1330,2903,45.8,26,32.5,22.4,-6.5,298,834,213,70,693,18.24,475,59,48,43,52,16,57,1.5,36,5,4,7,3,2,614,341,213,60,278,626,44.4,348,440,148,292,1058,899,19,19161,2469,7245,7827,4328,625,19159,751,395,52.6,356,47.4,9428,51370,24863,380,148,639,389,10320,1057,2021-2022
West Ham,25,28.2,47.9,38,418,3420,38.0,58,46,104,54,4,6,52,3.0,51.4,46.8,37.4,84.2,646,1449,1.53,1.21,2.74,1.42,2.63,1.35,0.99,2.34,1.23,2.22,2,38,3420.0,51,1.34,165,113,70.3,16,8,14,8,21.1,6,2,3,1,60.0,58,443,142,32.1,11.66,3.74,0.12,0.38,16.6,13,51.4,46.8,0.11,6.6,7.2,90,100,86.0,320.0,95,17,247,1.47,60,51,9,0.24,51.4,53.5,-2.1,-0.06,2,323,276,59,802,374,301,3,6,2,1970,639,628,50.4,2,8,48.0,0.27,-1.0,-0.03,202,553,36.5,748,167,50.5,46.3,305,57.4,42.9,610,29,4.8,12,0.32,5.5,14326,18378,78.0,251152,89191,6627,7493,88.4,5789,6856,84.4,1479,2906,50.9,46,37.4,32.4,8.6,320,1106,271,87,770,20.26,569,68,47,50,28,8,102,2.68,72,10,5,9,5,1,534,273,199,62,240,557,43.1,317,420,175,245,908,781,5,22331,2444,7012,9992,5543,810,22325,545,306,56.1,239,43.9,12622,68100,32664,479,171,520,294,14229,1437,2021-2022
Wolves,26,27.3,49.5,38,418,3420,38.0,35,22,57,34,1,1,62,2.0,37.5,36.8,26.4,63.2,723,1283,0.92,0.58,1.5,0.89,1.47,0.99,0.69,1.68,0.97,1.66,2,38,3420.0,43,1.13,167,125,79.6,15,6,17,11,28.9,10,9,0,1,0.0,35,401,133,33.2,10.55,3.5,0.08,0.26,18.6,13,37.5,36.8,0.09,-2.5,-2.8,90,100,86.0,310.0,107,16,230,1.34,38,43,-5,-0.13,37.5,56.9,-19.4,-0.51,2,366,335,61,587,389,377,1,10,1,2104,461,490,48.5,1,2,49.3,0.25,7.3,0.19,122,423,28.8,863,220,35.6,36.1,275,42.2,36.5,562,44,7.8,41,1.08,14.2,15253,19103,79.8,275607,92814,6533,7415,88.1,6610,7664,86.2,1718,3005,57.2,22,26.4,23.4,-4.4,294,1096,212,57,692,18.21,496,44,65,37,31,19,58,1.53,37,4,5,8,2,2,673,377,242,54,273,671,40.7,398,437,135,302,1062,820,20,23334,2657,8472,10204,4887,703,23333,771,450,58.4,321,41.6,12837,69338,36188,522,190,598,341,15117,1262,2021-2022
Arsenal,29,25.9,53.5,38,418,3420,38.0,53,38,91,47,6,6,49,5.0,51.8,47.0,35.1,82.1,758,1760,1.39,1.0,2.39,1.24,2.24,1.36,0.92,2.29,1.24,2.16,3,38,3417.0,39,1.03,129,93,71.3,18,7,13,12,31.6,3,2,1,0,33.3,53,453,140,30.9,11.92,3.68,0.1,0.34,17.7,23,51.8,47.0,0.11,1.2,0.0,90,100,84.0,301.0,114,19,201,1.61,55,39,16,0.42,51.8,43.0,8.8,0.23,1,346,400,61,751,351,252,5,3,4,1838,504,594,45.9,0,3,36.0,0.26,1.0,0.03,81,303,26.7,1021,206,16.7,28.2,238,55.5,42.3,518,24,4.6,37,0.97,,18041,21807,82.7,306094,93540,8319,9236,90.1,7770,8814,88.2,1453,2621,55.4,38,35.1,35.3,2.9,332,1377,325,67,813,21.39,623,44,49,45,46,6,95,2.5,69,2,8,6,8,2,456,206,184,66,212,547,38.8,335,368,113,255,807,643,16,25431,2426,7970,11384,6240,910,25425,535,296,55.3,239,44.7,15543,83237,45097,499,195,511,260,17924,1748,2020-2021
Aston Villa,24,25.2,48.5,38,418,3420,38.0,52,38,90,47,5,6,71,4.0,52.5,47.9,37.4,85.3,629,1420,1.37,1.0,2.37,1.24,2.24,1.38,0.98,2.37,1.26,2.25,1,38,3420.0,46,1.21,186,133,78.0,16,7,15,15,39.5,6,5,1,0,16.7,52,514,178,34.6,13.53,4.68,0.09,0.26,17.3,16,52.5,47.9,0.1,-0.5,-0.9,90,100,86.0,324.0,91,17,229,1.45,55,46,9,0.24,52.5,51.1,1.4,0.04,4,439,553,71,779,387,282,6,6,1,1906,728,665,52.3,2,4,49.2,0.24,4.2,0.11,247,639,38.7,1056,177,45.0,37.1,255,64.3,47.0,613,42,6.9,34,0.89,14.2,12938,16996,76.1,235927,93009,5729,6654,86.1,5222,6209,84.1,1571,3074,51.1,38,37.4,31.4,0.6,403,1086,323,76,940,24.74,670,91,63,47,58,11,94,2.47,66,8,4,6,9,1,530,262,202,66,250,571,43.8,321,438,159,279,917,783,17,21113,2577,6973,8614,5759,947,21107,595,369,62.0,223,37.5,11291,60378,30659,463,226,579,337,12832,1403,2020-2021
Brighton,27,25.8,51.1,38,418,3420,38.0,39,24,63,33,6,9,49,6.0,50.9,43.8,33.2,77.0,685,1516,1.03,0.63,1.66,0.87,1.5,1.34,0.87,2.21,1.15,2.03,2,38,3420.0,46,1.21,125,81,68.0,9,14,15,12,31.6,7,6,0,1,0.0,39,478,134,28.0,12.58,3.53,0.07,0.25,17.4,15,50.9,43.8,0.09,-11.9,-10.8,90,100,85.0,305.0,108,20,208,1.08,40,46,-6,-0.16,50.9,35.3,15.6,0.41,2,428,357,52,686,425,334,7,7,2,2040,531,574,48.1,0,8,35.9,0.24,-8.1,-0.21,193,522,37.0,1280,179,32.1,28.8,233,47.6,39.1,476,28,5.9,33,0.87,10.6,15772,19871,79.4,283213,95248,6694,7654,87.5,6893,7960,86.6,1689,3090,54.7,24,33.2,34.9,-9.2,358,1132,358,80,847,22.29,628,75,34,55,42,13,63,1.66,47,6,1,4,5,0,628,297,251,80,252,603,41.8,351,417,97,320,1053,604,8,23756,2489,7928,10231,5828,885,23747,573,350,61.1,222,38.7,13491,73709,37608,468,131,549,306,15634,1495,2020-2021
Burnley,25,28.3,42.1,38,418,3420,38.0,32,20,52,29,3,3,48,0.0,39.3,36.9,27.7,64.6,389,1012,0.84,0.53,1.37,0.76,1.29,1.03,0.73,1.76,0.97,1.7,3,38,3420.0,55,1.45,179,125,70.9,10,9,19,11,28.9,3,3,0,0,0.0,32,381,124,32.5,10.03,3.26,0.08,0.23,17.4,15,39.3,36.9,0.1,-7.3,-7.9,90,100,86.0,339.0,81,19,235,1.03,33,55,-22,-0.58,39.3,54.7,-15.4,-0.4,0,384,389,80,772,416,293,3,3,1,2000,874,854,50.6,0,8,49.1,0.26,-4.9,-0.13,317,841,37.7,846,143,69.1,54.5,298,85.9,59.7,600,34,5.7,78,2.05,10.0,10825,15562,69.6,196816,82192,5117,6058,84.5,3688,4824,76.5,1553,3535,43.9,20,27.7,26.9,-7.7,267,923,292,80,666,17.53,471,71,28,36,51,9,52,1.37,32,6,4,3,5,2,507,241,203,63,229,564,40.6,335,440,180,260,923,824,11,19391,2181,5794,9081,4683,699,19388,403,234,58.1,170,42.2,9240,46385,20946,340,75,503,278,10755,1002,2020-2021
Chelsea,27,26.0,60.9,38,418,3420,38.0,56,38,94,48,8,10,51,3.0,62.4,54.5,41.5,96.0,895,1798,1.47,1.0,2.47,1.26,2.26,1.64,1.09,2.73,1.43,2.53,3,38,3420.0,36,0.95,107,71,69.2,19,10,9,18,47.4,4,3,1,0,25.0,56,546,193,35.3,14.37,5.08,0.09,0.25,17.1,16,62.4,54.5,0.1,-6.4,-6.5,90,100,84.0,308.0,108,22,208,1.76,58,36,22,0.58,62.4,30.3,32.1,0.85,1,433,364,79,749,382,341,10,4,1,1999,569,515,52.5,1,5,31.4,0.26,-3.6,-0.1,93,253,36.8,1066,169,17.7,25.4,231,27.7,26.6,412,20,4.9,31,0.82,15.2,21969,25799,85.2,360450,112392,10454,11454,91.3,8965,9976,89.9,1667,2703,61.7,38,41.5,37.1,-3.5,448,1441,377,70,1018,26.79,790,81,42,55,43,7,95,2.5,69,6,4,6,10,0,612,257,282,73,231,570,40.5,339,420,83,337,994,661,16,29889,2502,8879,13917,7308,1017,29879,657,359,54.6,298,45.4,17523,90661,48291,663,243,585,286,21851,1787,2020-2021
Crystal Palace,24,29.1,40.6,38,418,3420,38.0,39,29,68,36,3,4,56,2.0,34.1,31.0,23.6,54.6,526,1132,1.03,0.76,1.79,0.95,1.71,0.9,0.62,1.52,0.82,1.44,2,38,3420.0,66,1.74,174,107,63.8,12,8,18,8,21.1,4,3,1,0,25.0,39,345,127,36.8,9.08,3.34,0.1,0.28,17.6,18,34.1,31.0,0.09,4.9,5.0,90,100,86.0,321.0,95,17,208,1.16,41,66,-25,-0.66,34.1,58.2,-24.2,-0.64,1,409,436,67,533,396,366,2,4,0,1923,685,658,51.0,1,9,51.2,0.28,-14.8,-0.39,226,669,33.8,775,158,51.0,48.9,323,84.8,56.3,622,20,3.2,26,0.68,23.3,11627,15597,74.5,193706,81274,5889,6882,85.6,4127,5088,81.1,1131,2449,46.2,29,23.6,23.4,5.4,264,838,232,54,618,16.26,433,54,52,23,46,10,70,1.84,49,5,6,3,5,2,636,329,234,73,283,620,45.6,337,447,138,309,1032,774,13,19798,2193,6917,8697,4410,653,19794,645,365,56.6,280,43.4,10226,56545,26885,388,151,596,402,11524,1113,2020-2021
Everton,29,26.3,46.4,38,418,3420,38.0,45,32,77,41,4,5,59,2.0,45.7,41.9,30.7,72.6,604,1184,1.18,0.84,2.03,1.08,1.92,1.2,0.81,2.01,1.1,1.91,3,38,3420.0,48,1.26,161,114,72.0,17,8,13,12,31.6,4,3,0,1,0.0,45,395,143,36.2,10.39,3.76,0.1,0.29,17.2,15,45.7,41.9,0.11,-0.7,-0.9,90,100,85.0,310.0,106,19,206,1.55,47,48,-1,-0.03,45.7,50.1,-4.5,-0.12,0,386,392,65,662,392,381,4,4,1,2030,665,486,57.8,1,5,47.8,0.28,0.8,0.02,268,692,38.7,1092,177,47.6,35.6,271,63.5,47.7,560,25,4.5,35,0.92,12.3,14792,18696,79.1,263227,93921,6563,7438,88.2,6125,7073,86.6,1580,2924,54.0,32,30.7,28.7,1.3,300,944,257,60,710,18.68,514,67,34,43,46,6,80,2.11,54,9,2,10,5,0,640,325,242,73,266,664,40.1,398,458,157,301,1032,847,19,22845,2729,8235,10258,4585,643,22840,591,362,61.3,229,38.7,12603,70612,36337,443,105,552,344,14706,1177,2020-2021
Fulham,28,25.2,49.7,38,418,3420,38.0,26,18,44,23,3,6,67,3.0,40.5,35.9,26.3,62.2,727,1354,0.68,0.47,1.16,0.61,1.08,1.07,0.69,1.76,0.95,1.64,2,38,3420.0,53,1.39,170,118,72.9,5,13,20,9,23.7,7,7,0,0,0.0,26,436,125,28.7,11.47,3.29,0.05,0.18,18.3,12,40.5,35.9,0.08,-14.5,-12.9,90,100,85.0,306.0,110,19,203,0.74,27,53,-26,-0.68,40.5,52.6,-12.1,-0.32,0,484,372,43,710,437,329,5,7,1,2010,649,625,50.9,0,3,54.5,0.29,2.5,0.07,150,402,37.3,800,179,32.5,30.2,258,55.0,39.5,518,27,5.2,33,0.87,14.0,15401,19512,78.9,270640,94395,6853,7837,87.4,6528,7611,85.8,1529,2866,53.3,18,26.3,25.3,-8.3,334,1019,290,94,785,20.66,579,65,53,35,47,6,47,1.24,33,2,4,3,4,1,601,282,231,88,254,581,43.7,327,356,95,261,1038,794,13,23810,2407,8063,10438,5567,728,23804,795,506,63.6,289,36.4,13417,74354,37397,527,156,721,393,15290,1338,2020-2021
Leeds United,23,26.1,57.3,38,418,3420,38.0,60,45,105,56,4,4,61,1.0,55.6,52.5,41.9,94.3,811,1633,1.58,1.18,2.76,1.47,2.66,1.46,1.1,2.57,1.38,2.48,2,38,3420.0,54,1.42,198,145,76.8,18,5,15,12,31.6,9,8,1,0,11.1,60,518,193,37.3,13.63,5.08,0.11,0.29,16.9,9,55.6,52.5,0.1,4.4,3.5,90,100,83.0,312.0,107,25,209,1.55,62,54,8,0.21,55.6,57.9,-2.2,-0.06,0,432,410,76,786,397,417,3,9,2,2160,538,605,47.1,1,11,49.9,0.21,-2.1,-0.06,105,319,32.9,1166,306,19.1,27.4,298,32.2,28.9,477,28,5.9,20,0.53,11.9,16284,20629,78.9,286488,99274,6970,7933,87.9,7130,8308,85.8,1631,3014,54.1,45,41.9,34.4,3.1,394,1110,349,68,924,24.32,701,73,45,63,31,11,108,2.84,81,6,8,8,5,0,740,378,279,83,310,769,40.3,459,406,149,257,1137,646,26,24873,2750,9043,10345,5695,880,24869,563,318,56.5,245,43.5,14066,80443,44866,491,158,667,319,16154,1625,2020-2021
Leicester City,27,26.5,54.3,38,418,3420,38.0,64,45,109,54,10,12,61,0.0,55.8,46.3,33.7,80.1,666,1464,1.68,1.18,2.87,1.42,2.61,1.47,0.89,2.36,1.22,2.11,1,38,3420.0,50,1.32,136,88,66.2,20,6,12,11,28.9,4,4,0,0,0.0,64,473,170,35.9,12.45,4.47,0.11,0.32,18.6,20,55.8,46.3,0.1,8.2,7.7,90,100,85.0,320.0,99,22,216,1.74,68,50,18,0.47,55.8,46.0,9.8,0.26,0,413,421,71,649,438,403,11,4,2,2111,600,590,50.4,0,9,42.2,0.29,-5.8,-0.15,159,425,37.4,1038,181,32.1,33.2,210,43.8,37.9,484,20,4.1,19,0.5,13.6,17014,21216,80.2,285395,94092,7893,8978,87.9,7010,8113,86.4,1461,2737,53.4,45,33.7,30.1,11.3,360,1209,283,57,863,22.71,635,49,56,46,54,23,114,3.0,85,3,8,4,10,4,681,319,263,99,295,676,43.6,381,386,90,296,1119,685,9,25365,2268,7924,11997,5674,772,25353,645,358,55.5,287,44.5,13991,72340,37072,481,142,549,322,16883,1455,2020-2021
Liverpool,28,26.8,62.1,38,418,3420,38.0,65,43,108,59,6,6,40,0.0,67.5,62.9,48.3,111.2,886,2057,1.71,1.13,2.84,1.55,2.68,1.78,1.27,3.05,1.66,2.93,3,38,3420.0,42,1.11,140,97,72.9,20,9,9,12,31.6,8,4,1,3,20.0,65,602,204,33.9,15.84,5.37,0.1,0.29,17.1,22,67.5,62.9,0.11,-2.5,-3.9,90,100,85.0,314.0,104,19,212,1.82,68,42,26,0.68,67.5,43.0,24.5,0.65,0,396,316,65,862,347,303,4,8,0,2202,537,572,48.4,1,6,43.9,0.29,1.9,0.05,87,237,36.7,1107,196,16.4,31.3,209,26.8,29.5,403,21,5.2,95,2.5,17.0,21929,26226,83.6,360990,115400,10789,11862,91.0,8747,9940,88.0,1715,2969,57.8,43,48.3,45.6,-5.3,455,1608,524,82,1068,28.11,818,71,58,61,46,14,110,2.89,77,6,4,14,6,3,526,195,231,100,220,543,40.5,323,338,58,280,873,563,20,30073,2075,7215,14867,8242,1211,30067,696,407,58.5,288,41.4,19103,96220,50778,754,249,592,387,21796,2041,2020-2021
Manchester City,24,26.1,63.5,38,418,3420,38.0,82,55,137,77,5,9,46,2.0,68.2,61.2,45.4,106.6,1096,2051,2.16,1.45,3.61,2.03,3.47,1.8,1.19,2.99,1.61,2.81,3,38,3420.0,32,0.84,100,67,76.0,27,5,6,19,50.0,10,8,2,0,20.0,82,590,211,35.8,15.53,5.55,0.13,0.36,17.2,21,68.2,61.2,0.11,13.8,15.8,90,100,86.0,339.0,77,22,240,2.26,83,32,51,1.34,68.2,30.2,38.0,1.0,0,361,372,57,632,319,271,7,10,1,1946,479,417,53.5,0,3,32.0,0.23,1.0,0.03,108,271,39.9,998,171,20.2,28.4,168,41.1,37.3,333,19,5.7,44,1.16,16.6,23819,27167,87.7,390212,110951,11548,12409,93.1,9673,10628,91.0,1771,2616,67.7,55,45.4,43.3,9.6,433,1772,412,41,1067,28.08,801,61,90,57,43,15,141,3.71,100,3,17,13,6,2,498,198,212,88,234,576,40.6,342,310,82,228,817,453,11,30700,1912,6477,15960,8504,1196,30691,783,485,61.9,298,38.1,20039,106424,59443,863,340,510,350,23640,2033,2020-2021
Manchester Utd,29,25.6,55.7,38,418,3420,38.0,70,51,121,60,10,11,64,1.0,60.1,51.4,41.6,93.1,877,1832,1.84,1.34,3.18,1.58,2.92,1.58,1.1,2.68,1.35,2.45,2,38,3420.0,44,1.16,141,98,71.6,21,11,6,13,34.2,4,4,0,0,0.0,70,515,196,38.1,13.55,5.16,0.12,0.31,18.1,21,60.1,51.4,0.1,9.9,8.6,90,100,86.0,318.0,99,18,219,1.95,73,44,29,0.76,60.1,41.4,18.6,0.49,0,452,400,76,640,386,311,9,4,2,2124,546,413,56.9,1,9,39.3,0.25,-2.7,-0.07,86,266,32.3,647,154,28.1,29.7,266,31.6,29.4,479,11,2.3,47,1.24,16.8,18800,22624,83.1,310438,100811,9248,10259,90.1,7258,8255,87.9,1597,2585,61.8,51,41.6,38.2,9.4,414,1419,377,54,953,25.08,720,73,46,58,46,10,127,3.34,94,5,8,9,9,2,551,252,239,60,231,572,40.4,341,418,116,302,937,634,20,26617,2222,7609,11950,7323,921,26606,711,415,58.4,293,41.2,15481,88886,47495,666,201,536,360,18671,1817,2020-2021
Newcastle Utd,27,27.1,38.8,38,418,3420,38.0,44,26,70,38,6,7,65,3.0,43.4,37.8,29.0,66.8,467,903,1.16,0.68,1.84,1.0,1.68,1.14,0.76,1.91,1.0,1.76,2,38,3420.0,62,1.63,188,128,69.1,12,9,17,7,18.4,5,4,1,0,20.0,44,390,130,33.3,10.26,3.42,0.1,0.29,18.3,25,43.4,37.8,0.1,0.6,0.2,90,100,85.0,306.0,109,19,209,1.18,46,62,-16,-0.42,43.4,58.3,-14.9,-0.39,2,388,420,58,652,362,268,6,5,3,1770,634,655,49.2,1,4,53.8,0.26,-5.2,-0.14,245,671,36.5,820,159,52.8,32.5,338,70.4,50.0,645,27,4.2,21,0.55,12.6,10839,14709,73.7,197161,77098,4828,5635,85.7,4197,5131,81.8,1387,2879,48.2,26,29.0,21.1,-3.0,289,739,207,83,688,18.11,454,85,51,36,56,6,75,1.97,46,7,6,7,7,2,512,257,213,42,207,547,37.8,340,423,160,263,874,908,10,18774,2524,7166,7894,3941,552,18767,587,350,59.6,237,40.4,9605,51309,24707,376,114,519,297,10730,888,2020-2021
Sheffield Utd,27,26.7,41.7,38,418,3420,38.0,19,13,32,16,3,4,73,3.0,32.6,29.5,24.9,54.4,491,1196,0.5,0.34,0.84,0.42,0.76,0.86,0.66,1.52,0.78,1.43,1,38,3420.0,63,1.66,206,145,70.9,7,2,29,5,13.2,4,3,0,1,0.0,19,319,92,28.8,8.39,2.42,0.05,0.17,17.7,5,32.6,29.5,0.09,-13.6,-13.5,90,100,83.0,315.0,103,25,198,0.61,20,63,-43,-1.13,32.6,62.2,-29.6,-0.78,0,459,293,73,666,351,356,3,4,3,1802,718,798,47.4,0,8,54.3,0.26,-5.7,-0.15,263,817,32.2,866,128,64.5,45.5,281,91.8,64.5,578,33,5.7,34,0.89,12.8,12146,16264,74.7,207510,78589,6006,6905,87.0,4331,5303,81.7,1277,2840,45.0,13,24.9,22.0,-11.9,253,946,253,65,567,14.92,435,48,27,29,23,5,27,0.71,16,3,2,3,3,0,634,325,239,70,294,720,40.8,426,442,152,290,985,839,19,20351,2314,6405,8599,5537,615,20347,475,269,56.6,207,43.6,10178,54344,27029,398,104,536,323,12037,1183,2020-2021
Southampton,29,26.6,52.0,38,418,3420,38.0,47,33,80,42,5,6,52,3.0,41.2,36.6,25.8,62.5,626,1195,1.24,0.87,2.11,1.11,1.97,1.09,0.68,1.77,0.96,1.64,2,38,3420.0,68,1.79,178,110,66.3,12,7,19,9,23.7,9,8,1,0,11.1,47,418,157,37.6,11.0,4.13,0.1,0.27,18.6,20,41.2,36.6,0.09,5.8,5.4,90,100,85.0,314.0,101,19,215,1.13,47,68,-21,-0.55,41.2,53.1,-11.8,-0.31,0,428,421,76,554,401,419,4,9,1,2010,527,713,42.5,1,3,56.2,0.27,-10.8,-0.28,139,569,24.4,1106,159,38.4,35.3,236,61.0,41.9,507,29,5.7,45,1.18,15.6,14928,19288,77.4,239028,85450,7587,8659,87.6,5629,6690,84.1,1099,2547,43.1,33,25.8,22.2,7.2,294,894,261,36,728,19.16,513,63,42,47,51,12,83,2.18,49,8,6,7,11,2,727,335,325,67,341,731,46.6,390,439,95,344,1128,681,10,23607,2302,7497,11566,4756,698,23601,601,343,57.1,258,42.9,12535,66172,33536,517,126,638,386,14818,1190,2020-2021
Tottenham,24,27.2,51.6,38,418,3420,38.0,66,50,116,61,5,5,57,2.0,53.1,49.2,35.3,84.4,633,1330,1.74,1.32,3.05,1.61,2.92,1.4,0.93,2.33,1.29,2.22,1,38,3420.0,45,1.18,155,113,77.4,18,8,12,12,31.6,10,10,0,0,0.0,66,438,167,38.1,11.53,4.39,0.14,0.37,18.0,35,53.1,49.2,0.12,12.9,11.8,90,100,85.0,305.0,112,20,204,1.63,68,45,23,0.61,53.1,49.1,4.0,0.1,2,440,468,45,526,342,361,5,10,3,1951,618,647,48.9,0,3,45.6,0.24,3.6,0.1,159,408,39.0,814,180,38.6,32.4,264,35.6,28.1,590,23,3.9,24,0.63,13.1,16508,20571,80.2,274912,94098,7801,8828,88.4,6561,7603,86.3,1393,2672,52.1,50,35.3,25.3,14.7,316,1035,257,54,786,20.68,553,55,56,49,56,17,120,3.16,86,6,13,8,6,1,636,313,244,79,277,683,40.6,406,434,147,287,978,795,15,24670,2577,7991,11935,4997,700,24665,715,403,56.4,312,43.6,13842,73058,37183,506,152,519,334,16404,1316,2020-2021
West Brom,30,26.4,37.9,38,418,3420,38.0,33,20,53,29,4,4,51,4.0,35.8,32.7,24.4,57.1,441,1027,0.87,0.53,1.39,0.76,1.29,0.94,0.64,1.59,0.86,1.5,2,38,3420.0,76,2.0,240,166,71.3,5,11,22,6,15.8,11,7,1,3,12.5,33,335,106,31.6,8.82,2.79,0.09,0.27,18.4,16,35.8,32.7,0.1,-2.8,-3.7,90,100,84.0,311.0,104,22,211,0.68,35,76,-41,-1.08,35.8,67.9,-32.0,-0.84,0,404,412,75,604,435,328,4,11,3,1963,709,771,47.9,2,8,68.0,0.25,-5.0,-0.13,301,916,32.9,1019,183,63.7,41.8,308,86.7,57.1,670,20,3.0,38,1.0,7.0,9769,13978,69.9,177501,75746,4418,5278,83.7,3696,4783,77.3,1273,2924,43.5,20,24.4,21.3,-4.4,241,822,196,60,568,14.95,407,60,26,27,39,9,53,1.39,40,3,1,3,5,1,581,329,192,60,271,656,41.3,385,455,159,296,1016,876,13,18247,2539,6670,7517,4237,578,18242,505,264,52.3,241,47.7,8262,44861,21527,283,103,613,313,9668,1017,2020-2021
West Ham,24,27.8,43.2,38,418,3420,38.0,60,46,106,58,2,4,50,3.0,55.4,52.1,39.6,91.7,658,1282,1.58,1.21,2.79,1.53,2.74,1.46,1.04,2.5,1.37,2.41,2,38,3420.0,47,1.24,147,103,70.1,19,8,11,11,28.9,5,3,1,1,25.0,60,464,158,34.1,12.21,4.16,0.13,0.37,16.1,17,55.4,52.1,0.12,4.6,5.9,90,100,86.0,316.0,99,17,214,1.71,62,47,15,0.39,55.4,48.7,6.7,0.18,1,375,354,74,775,437,280,3,5,4,2005,738,677,52.2,0,7,42.0,0.27,-1.0,-0.03,250,648,38.6,780,159,54.9,40.4,296,74.3,51.4,565,26,4.6,17,0.45,10.8,12725,16901,75.3,225666,88791,5888,6864,85.8,4948,6052,81.8,1470,2860,51.4,46,39.6,31.9,6.4,340,1037,238,95,823,21.66,576,92,37,56,53,9,106,2.79,73,12,1,13,7,0,514,269,195,50,224,573,39.1,349,405,124,281,951,779,11,20810,2294,6638,9343,5060,761,20806,542,298,55.0,244,45.0,10960,63334,30416,455,152,491,318,12606,1263,2020-2021
Wolves,27,26.3,49.3,38,418,3420,38.0,34,21,55,30,4,4,55,1.0,36.5,33.4,24.1,57.6,800,1283,0.89,0.55,1.45,0.79,1.34,0.96,0.63,1.6,0.88,1.51,2,38,3420.0,52,1.37,152,102,70.4,12,9,17,10,26.3,8,7,1,0,12.5,34,459,149,32.5,12.08,3.92,0.07,0.2,18.5,18,36.5,33.4,0.08,-2.5,-3.4,90,100,85.0,313.0,106,19,204,1.18,36,52,-16,-0.42,36.5,49.5,-13.0,-0.34,1,426,383,37,775,432,335,3,8,3,1899,576,596,49.1,1,9,46.2,0.25,-2.8,-0.07,161,389,41.4,557,156,43.1,33.2,275,54.2,36.7,577,24,4.2,12,0.32,8.7,15548,19225,80.9,275061,93014,6990,7796,89.7,6320,7342,86.1,1742,2944,59.2,21,24.1,23.9,-3.1,345,1117,213,85,821,21.61,572,74,68,47,46,14,63,1.66,39,4,7,7,5,1,588,322,220,46,277,611,45.3,334,359,117,242,1020,727,15,23259,2190,7246,11020,5206,694,23255,779,468,60.1,311,39.9,13272,72908,38578,566,177,592,309,15405,1266,2020-2021
Arsenal,29,25.8,53.8,38,418,3420,38.0,56,35,91,53,3,3,88,5.0,47.0,44.6,31.4,76.1,815,1641,1.47,0.92,2.39,1.39,2.32,1.24,0.83,2.06,1.17,2.0,2,38,3420.0,48,1.26,193,144,78.8,14,14,10,10,26.3,8,7,1,0,12.5,56,403,146,36.2,10.61,3.84,0.13,0.36,16.4,19,47.0,44.6,0.11,9.0,8.4,90,100,83.0,,123,21,163,1.47,56,48,8,0.21,47.0,55.3,-8.3,-0.22,1,421,437,73,699,351,336,2,8,0,1861,501,589,46.0,0,9,51.8,0.23,3.8,0.1,92,364,25.3,964,233,24.8,27.9,314,39.8,35.5,606,25,4.1,42,1.11,15.6,16634,20410,81.5,292657,94450,7259,8103,89.6,7300,8331,87.6,1596,2772,57.6,35,31.4,28.5,3.6,298,1164,311,63,709,18.66,501,59,52,48,33,16,85,2.24,57,5,4,9,4,6,584,296,217,71,249,612,40.7,363,398,141,257,935,754,18,24424,2737,8368,10648,5628,821,24421,697,411,59.0,286,41.0,14410,85069,46708,534,209,547,370,16527,1630,2019-2020
Aston Villa,28,25.7,44.1,38,418,3420,38.0,40,32,72,39,1,3,70,1.0,44.3,41.8,34.2,76.0,639,1247,1.05,0.84,1.89,1.03,1.87,1.16,0.9,2.06,1.1,2.0,4,38,3420.0,67,1.76,182,115,65.9,9,8,21,7,18.4,6,5,1,0,16.7,40,453,147,32.5,11.92,3.87,0.09,0.27,17.5,21,44.3,41.8,0.09,-4.3,-2.8,90,100,84.0,,113,22,173,0.92,41,67,-26,-0.68,44.3,67.8,-23.5,-0.62,1,451,525,62,798,423,291,2,6,1,1900,705,742,48.7,1,9,51.6,0.25,-14.4,-0.38,240,665,36.1,862,179,50.1,37.2,343,67.9,49.4,628,23,3.7,28,0.74,16.1,11652,15672,74.3,217478,84204,5074,5895,86.1,4810,5882,81.8,1480,3002,49.3,32,34.2,27.7,-2.2,369,908,270,95,828,21.79,599,88,42,36,56,7,72,1.89,48,8,5,4,7,0,523,285,174,64,223,597,37.4,374,456,184,272,946,928,26,19977,2658,7038,8203,4969,695,19974,569,352,61.9,217,38.1,10317,61373,31557,476,139,546,313,11546,1229,2019-2020
Bournemouth,27,25.2,44.1,38,418,3420,38.0,38,24,62,34,4,4,78,3.0,44.8,41.7,30.6,72.3,601,1256,1.0,0.63,1.63,0.89,1.53,1.18,0.8,1.98,1.1,1.9,2,38,3420.0,65,1.71,192,126,68.8,9,7,22,5,13.2,6,5,1,0,16.7,38,385,117,30.4,10.13,3.08,0.09,0.29,17.3,21,44.8,41.7,0.11,-6.8,-7.7,90,100,84.0,,108,23,176,0.89,40,65,-25,-0.66,44.8,62.3,-17.5,-0.46,2,369,388,67,646,475,299,2,6,0,1979,792,835,48.7,4,4,62.6,0.3,-2.4,-0.06,185,616,30.0,866,190,47.5,29.2,295,69.5,53.2,603,20,3.3,26,0.68,13.3,12042,16387,73.5,208869,82509,5798,6832,84.9,4689,5821,80.6,1231,2655,46.4,24,30.6,25.7,-6.6,280,921,227,49,669,17.61,472,69,34,39,47,8,63,1.66,36,6,7,8,6,0,507,254,206,47,207,567,36.5,360,439,160,279,982,1008,16,20872,2556,7472,8683,4916,717,20868,602,325,54.0,277,46.0,12070,62723,31212,424,136,571,384,11946,1238,2019-2020
Brighton,25,26.4,52.2,38,418,3420,38.0,35,24,59,34,1,2,59,2.0,45.4,43.8,31.6,75.4,669,1675,0.92,0.63,1.55,0.89,1.53,1.2,0.83,2.03,1.15,1.99,1,38,3420.0,54,1.42,168,116,69.0,9,14,15,9,23.7,2,2,0,0,0.0,35,460,139,30.2,12.11,3.66,0.07,0.24,17.6,11,45.4,43.8,0.1,-10.4,-9.8,90,100,84.0,,128,20,155,1.08,39,54,-15,-0.39,45.4,55.0,-9.5,-0.25,1,386,325,71,689,419,379,2,2,2,2065,690,577,54.5,0,7,50.2,0.29,-1.8,-0.05,207,412,50.2,1201,255,25.3,29.0,274,39.4,33.4,526,20,3.8,26,0.68,13.7,15881,20056,79.2,290667,102483,6755,7803,86.6,7139,8265,86.4,1701,3003,56.6,24,31.6,27.3,-7.6,343,1124,294,62,804,21.16,599,73,39,48,40,5,65,1.71,44,9,5,2,5,0,641,295,269,77,245,642,38.2,397,437,137,300,1060,750,15,24387,2721,8174,10724,5693,770,24385,584,335,57.4,249,42.6,13074,73950,37898,502,165,626,399,15782,1661,2019-2020
Burnley,22,28.0,41.9,38,418,3420,38.0,41,30,71,38,3,3,67,0.0,47.4,45.3,32.4,77.7,437,890,1.08,0.79,1.87,1.0,1.79,1.25,0.85,2.1,1.19,2.04,1,38,3420.0,50,1.32,167,117,72.5,15,9,14,15,39.5,5,4,1,0,20.0,41,384,124,32.3,10.11,3.26,0.1,0.31,16.4,18,47.4,45.3,0.12,-6.4,-7.3,90,100,86.0,,74,20,206,1.42,43,50,-7,-0.18,47.4,49.8,-2.4,-0.06,0,412,369,89,743,387,344,1,5,1,1860,937,917,50.5,0,7,45.7,0.25,-3.3,-0.09,263,870,30.2,883,180,67.6,47.1,304,89.8,63.7,623,52,8.3,48,1.26,14.9,10049,14694,68.4,181797,76083,4700,5595,84.0,3686,4854,75.9,1295,3221,40.2,30,32.4,28.5,-2.4,280,787,217,99,667,17.55,459,83,27,44,45,9,71,1.87,47,10,4,6,3,1,547,238,241,68,240,585,41.0,345,450,175,275,934,901,15,18827,2224,5596,8993,4410,617,18823,454,246,54.2,208,45.8,8828,46545,21653,352,71,509,291,9969,882,2019-2020
Chelsea,27,25.5,60.4,38,418,3420,38.0,69,46,115,62,7,7,60,0.0,69.2,64.4,46.7,111.1,983,1897,1.82,1.21,3.03,1.63,2.84,1.82,1.23,3.05,1.7,2.92,2,38,3420.0,54,1.42,115,64,54.8,20,6,12,9,23.7,2,2,0,0,0.0,69,618,210,34.0,16.26,5.53,0.1,0.3,16.6,29,69.2,64.4,0.11,-0.2,-2.4,90,100,84.0,,117,20,166,1.74,69,54,15,0.39,69.2,38.6,30.6,0.81,0,386,384,63,862,459,362,6,2,3,2210,703,701,50.1,2,9,37.5,0.31,-13.5,-0.36,102,302,33.8,1028,168,22.0,31.4,226,33.6,32.7,389,21,5.4,38,1.0,16.0,20958,25213,83.1,352088,108966,9753,10903,89.5,8527,9698,87.9,1843,2989,61.7,46,46.7,42.3,-0.7,459,1463,411,108,1121,29.5,847,86,57,64,52,15,123,3.24,86,6,10,9,10,2,638,304,258,76,246,604,40.7,358,361,91,270,1097,631,14,29489,2281,8311,13996,7423,1063,29482,718,460,64.1,258,35.9,18488,98638,51643,725,222,583,414,20848,1880,2019-2020
Crystal Palace,25,29.4,44.8,38,418,3420,38.0,29,20,49,26,3,3,62,2.0,35.8,33.6,26.0,59.5,596,1223,0.76,0.53,1.29,0.68,1.21,0.94,0.68,1.63,0.88,1.57,2,38,3420.0,50,1.32,172,124,70.9,11,10,17,10,26.3,1,0,0,1,,29,373,115,30.8,9.82,3.03,0.07,0.23,17.0,15,35.8,33.6,0.09,-6.8,-7.6,90,100,85.0,,98,20,185,1.13,31,50,-19,-0.5,35.8,57.0,-21.2,-0.56,0,424,479,53,588,444,390,2,1,2,1915,771,776,49.8,1,5,55.7,0.34,7.7,0.2,237,710,33.4,848,180,53.4,48.9,313,82.1,57.4,651,23,3.5,27,0.71,13.2,12274,16395,74.9,212859,86923,5857,6822,85.9,4679,5712,81.9,1307,2747,47.6,20,26.0,24.4,-6.0,265,910,243,47,643,16.92,427,68,57,36,46,9,53,1.39,37,3,4,4,5,0,686,367,244,75,316,711,44.4,395,399,135,264,1130,856,18,20928,2377,7276,9017,4876,793,20925,698,432,61.9,266,38.1,10305,58519,29301,428,198,611,479,12187,1208,2019-2020
Everton,24,25.5,49.0,38,418,3420,38.0,42,32,74,41,1,1,76,3.0,50.8,50.0,38.1,88.1,623,1430,1.11,0.84,1.95,1.08,1.92,1.34,1.0,2.34,1.32,2.32,1,38,3420.0,56,1.47,147,94,63.9,13,10,15,9,23.7,4,3,0,1,0.0,42,468,159,34.0,12.32,4.18,0.09,0.26,16.4,20,50.8,50.0,0.11,-8.8,-9.0,90,100,83.0,,120,24,164,1.29,44,56,-12,-0.32,50.8,48.3,2.5,0.07,3,472,394,58,804,408,408,0,4,3,1966,860,835,50.7,3,5,50.2,0.32,-2.8,-0.07,270,730,37.0,1104,195,51.3,40.1,275,59.6,46.8,510,24,4.7,25,0.66,13.4,13433,17736,75.7,248821,94797,5670,6722,84.3,5545,6642,83.5,1728,3126,55.3,32,38.1,31.5,-6.1,340,987,288,93,805,21.18,536,86,47,69,51,16,67,1.76,47,4,4,9,3,0,671,328,262,81,282,672,42.0,390,372,111,261,1079,778,13,22035,2514,7389,9561,5301,838,22034,609,374,61.4,235,38.6,12432,65428,32588,502,146,593,345,13344,1421,2019-2020
Leicester City,24,26.1,57.1,38,418,3420,38.0,65,48,113,60,5,7,43,3.0,62.2,56.7,44.9,101.6,739,1612,1.71,1.26,2.97,1.58,2.84,1.64,1.18,2.82,1.49,2.67,1,38,3420.0,41,1.08,135,94,75.6,18,8,12,13,34.2,10,8,2,0,20.0,65,533,183,34.3,14.03,4.82,0.11,0.33,17.4,20,62.2,56.7,0.11,2.8,3.3,90,100,84.0,,112,21,172,1.63,67,41,26,0.68,62.2,45.5,16.7,0.44,1,418,444,64,779,423,432,6,10,2,2104,659,674,49.4,0,5,44.3,0.26,5.3,0.14,180,398,45.2,951,159,31.5,33.0,241,40.7,36.1,507,14,2.8,34,0.89,17.2,17600,21800,80.7,304569,102390,8018,9016,88.9,7415,8600,86.2,1655,2913,56.8,48,44.9,35.3,3.1,405,1283,313,72,969,25.5,707,73,75,48,56,10,116,3.05,91,3,11,4,5,2,742,347,320,75,298,725,41.1,427,420,92,328,1165,767,16,26247,2187,7814,12226,6415,925,26240,688,377,54.8,311,45.2,16018,77180,39583,561,223,602,328,17485,1601,2019-2020
Liverpool,24,26.6,62.9,38,418,3420,38.0,83,69,152,78,5,5,38,1.0,68.9,65.0,53.0,118.0,967,1941,2.18,1.82,4.0,2.05,3.87,1.81,1.39,3.21,1.71,3.1,2,38,3418.0,33,0.87,107,75,70.1,32,3,3,15,39.5,1,1,0,0,0.0,83,586,224,38.2,15.42,5.89,0.13,0.35,16.5,20,68.9,65.0,0.11,14.1,13.0,90,100,85.0,,127,17,157,2.61,85,33,52,1.37,68.9,37.7,31.2,0.82,0,331,293,53,896,352,325,4,1,1,2194,655,588,52.7,1,2,27.1,0.25,-4.9,-0.13,121,288,42.0,1017,191,21.9,33.0,239,27.2,30.3,426,17,4.0,77,2.03,15.3,21276,25891,82.2,370796,117058,9557,10648,89.8,9007,10345,87.1,2038,3458,58.9,69,53.0,46.8,16.0,454,1630,477,93,1044,27.47,800,77,60,54,36,17,148,3.89,108,11,10,9,8,2,550,195,243,112,217,588,36.9,371,302,68,234,902,634,25,29748,2077,7168,14888,7908,1193,29743,658,387,58.8,271,41.2,20165,94607,50195,782,252,607,306,21151,1925,2019-2020
Manchester City,24,26.9,66.2,38,418,3420,38.0,100,69,169,94,6,11,64,4.0,92.0,83.6,68.4,152.0,1199,2460,2.63,1.82,4.45,2.47,4.29,2.42,1.8,4.22,2.2,4.0,2,38,3418.0,35,0.92,110,76,70.9,26,3,9,17,44.7,3,3,0,0,0.0,100,735,250,34.0,19.34,6.58,0.13,0.38,16.4,27,92.0,83.6,0.12,8.0,10.4,90,100,83.0,,120,22,166,2.13,102,35,67,1.76,92.0,36.2,55.7,1.47,2,362,296,68,915,352,301,10,3,1,1959,515,498,50.8,1,4,34.1,0.29,0.1,0.0,92,227,40.5,1047,195,16.6,28.0,167,31.7,31.6,323,15,4.6,64,1.69,11.0,24557,28190,87.1,410039,117432,11773,12714,92.6,9821,10885,90.2,2121,2963,71.6,69,68.4,62.7,0.6,582,1819,553,89,1356,35.68,1040,72,101,75,53,15,173,4.55,123,6,16,14,12,2,514,204,210,100,230,605,38.0,375,292,66,226,866,495,21,31884,2009,6806,15609,9720,1473,31873,721,487,67.5,235,32.6,23022,118327,66426,964,377,456,341,24428,2453,2019-2020
Manchester Utd,29,24.8,55.8,38,418,3420,38.0,65,43,108,55,10,14,73,0.0,62.2,51.2,38.5,89.7,926,1788,1.71,1.13,2.84,1.45,2.58,1.64,1.01,2.65,1.35,2.36,1,38,3420.0,36,0.95,131,96,74.8,18,12,8,13,34.2,3,3,0,0,0.0,65,530,201,37.9,13.95,5.29,0.1,0.27,19.1,33,62.2,51.2,0.1,2.8,3.8,90,100,85.0,,119,16,165,1.74,66,36,30,0.79,62.2,37.7,24.5,0.64,0,423,427,56,635,379,333,12,3,1,2084,557,512,52.1,1,8,34.7,0.25,-0.3,-0.01,83,262,31.7,672,153,28.4,30.6,268,26.5,29.0,489,10,2.0,22,0.58,15.0,17744,21725,81.7,294732,95208,8697,9751,89.2,6891,7957,86.6,1555,2646,58.8,43,38.5,36.2,4.5,402,1350,341,50,978,25.74,766,50,62,36,56,8,112,2.95,86,4,7,2,12,1,579,267,231,81,254,634,40.1,380,360,99,261,958,703,14,25838,2167,7222,11840,6993,878,25824,747,446,59.7,301,40.3,14498,83016,46282,681,255,559,396,17632,1779,2019-2020
Newcastle Utd,28,26.5,39.0,38,418,3420,38.0,38,29,67,38,0,1,66,3.0,35.5,34.8,26.9,61.7,537,844,1.0,0.76,1.76,1.0,1.76,0.94,0.71,1.64,0.91,1.62,1,38,3420.0,58,1.53,195,139,71.3,11,11,16,11,28.9,2,2,0,0,0.0,38,398,132,33.2,10.47,3.47,0.1,0.29,19.1,14,35.5,34.8,0.09,2.5,3.2,90,100,84.0,,118,20,166,1.16,38,58,-20,-0.53,35.5,65.6,-30.1,-0.79,0,370,423,75,591,391,357,0,2,2,1871,733,781,48.4,3,8,63.0,0.32,7.0,0.18,288,750,38.4,749,119,60.7,42.0,340,86.8,58.3,686,21,3.1,26,0.68,11.6,10606,14566,72.8,189511,75573,4963,5792,85.7,3781,4800,78.8,1351,2818,47.9,29,26.9,19.1,2.1,299,685,181,62,705,18.55,491,75,55,38,37,9,62,1.63,41,6,4,6,4,1,603,364,198,41,273,632,43.2,359,402,152,250,994,988,19,18910,2401,7096,8182,3875,542,18909,674,400,59.3,274,40.7,9916,54616,27300,426,138,594,288,10525,826,2019-2020
Norwich City,30,26.0,49.3,38,418,3420,38.0,25,18,43,23,2,2,68,3.0,37.0,35.4,27.4,62.8,673,1169,0.66,0.47,1.13,0.61,1.08,0.97,0.72,1.69,0.93,1.65,3,38,3420.0,75,1.97,210,135,66.2,5,6,27,5,13.2,7,4,3,0,42.9,25,407,126,31.0,10.71,3.32,0.06,0.18,18.0,16,37.0,35.4,0.09,-12.0,-12.4,90,100,85.0,,126,17,157,0.55,26,75,-49,-1.29,37.0,66.5,-29.5,-0.78,0,363,430,50,473,397,379,1,7,3,1989,518,673,43.5,1,11,66.5,0.29,-5.5,-0.14,173,622,27.8,1292,211,36.0,22.7,349,45.0,38.6,682,30,4.4,26,0.68,11.3,14965,18869,79.3,243176,86282,7717,8664,89.1,5301,6196,85.6,1336,2696,49.6,18,27.4,23.6,-9.4,304,913,210,32,717,18.87,522,56,47,47,35,10,43,1.13,34,2,2,2,1,2,628,359,210,59,267,700,38.1,433,453,171,282,1025,959,20,23409,3125,9058,9868,4701,661,23407,706,427,60.5,278,39.4,14090,74844,38544,476,177,591,405,14835,1159,2019-2020
Sheffield Utd,26,26.9,43.1,38,418,3420,38.0,36,25,61,35,1,1,63,2.0,43.0,42.2,34.0,76.3,493,1352,0.95,0.66,1.61,0.92,1.58,1.13,0.9,2.03,1.11,2.01,2,38,3420.0,39,1.03,139,99,72.7,14,12,12,13,34.2,3,1,1,1,50.0,36,352,109,31.0,9.26,2.87,0.1,0.32,15.2,4,43.0,42.2,0.12,-7.0,-7.2,90,100,84.0,,110,22,171,1.42,39,39,0,0.0,43.0,51.0,-7.9,-0.21,1,412,306,78,866,420,377,1,3,0,2041,946,886,51.6,0,2,43.7,0.32,4.7,0.12,270,872,31.0,816,110,74.4,51.2,272,97.4,69.1,572,20,3.5,23,0.61,7.0,12125,16858,71.9,222335,83887,5714,6687,85.4,4480,5657,79.2,1579,3404,46.4,25,34.0,29.7,-9.0,269,1053,282,97,630,16.58,457,62,44,38,23,6,63,1.66,47,3,6,6,1,0,611,304,229,78,261,646,40.4,385,336,106,230,1031,931,16,21000,2180,6190,8918,6070,733,20999,535,346,64.7,187,35.0,9508,48303,23773,375,116,519,292,12015,1334,2019-2020
Southampton,25,25.9,48.9,38,418,3420,38.0,51,32,83,49,2,5,55,4.0,56.1,52.1,36.4,88.5,628,1335,1.34,0.84,2.18,1.29,2.13,1.48,0.96,2.43,1.37,2.33,2,38,3420.0,60,1.58,168,108,66.1,15,7,16,9,23.7,4,3,1,0,25.0,51,494,171,34.6,13.0,4.5,0.1,0.29,17.8,27,56.1,52.1,0.11,-5.1,-3.1,90,100,85.0,,111,18,171,1.37,51,60,-9,-0.24,56.1,52.8,3.3,0.09,1,450,388,58,690,425,416,4,4,1,2150,810,878,48.0,1,5,54.7,0.31,-4.3,-0.11,229,706,32.4,824,103,59.8,41.6,255,83.5,56.2,578,29,5.0,39,1.03,12.8,12488,17468,71.5,218809,83466,5869,7035,83.4,5027,6478,77.6,1240,2921,42.5,32,36.4,28.7,-4.4,340,1019,282,70,843,22.18,560,74,70,53,60,26,77,2.03,41,3,15,8,7,3,706,325,287,94,324,793,40.9,469,488,124,364,1131,867,21,22200,2123,6196,10753,5497,811,22196,680,423,62.2,257,37.8,10579,58592,29795,459,182,654,362,12363,1308,2019-2020
Tottenham,29,26.7,52.0,38,418,3420,38.0,56,39,95,53,3,4,84,3.0,47.9,44.7,32.6,77.3,768,1410,1.47,1.03,2.5,1.39,2.42,1.26,0.86,2.12,1.18,2.03,2,38,3420.0,47,1.24,181,134,76.8,16,11,11,8,21.1,7,5,2,0,28.6,56,440,154,35.0,11.58,4.05,0.12,0.34,18.4,21,47.9,44.7,0.1,8.1,8.3,90,100,85.0,,113,18,171,1.55,61,47,14,0.37,47.9,54.2,-6.3,-0.17,1,423,424,66,641,381,415,4,7,2,2022,642,671,48.9,1,4,53.0,0.26,8.0,0.21,167,484,34.5,798,160,39.7,33.3,292,57.2,41.7,574,23,4.0,24,0.63,17.6,16101,20296,79.3,268557,90635,7859,8877,88.5,6303,7463,84.5,1350,2655,50.8,39,32.6,28.2,6.4,339,1077,283,47,779,20.5,589,43,54,37,38,18,94,2.47,62,3,13,10,4,2,665,331,281,53,253,681,37.2,428,441,148,293,1046,894,24,24729,2568,7603,11826,5549,710,24725,747,449,60.1,297,39.8,15489,76394,39387,573,182,577,437,15997,1398,2019-2020
Watford,26,28.9,42.9,38,418,3420,38.0,35,21,56,28,7,8,80,3.0,48.9,42.6,31.4,74.0,578,1168,0.92,0.55,1.47,0.74,1.29,1.29,0.83,2.11,1.12,1.95,1,38,3420.0,64,1.68,178,116,68.5,8,10,20,9,23.7,9,8,1,0,11.1,35,416,112,26.9,10.95,2.95,0.07,0.25,17.3,18,48.9,42.6,0.1,-13.9,-14.6,90,100,84.0,,113,20,171,0.89,36,64,-28,-0.74,48.9,58.1,-9.3,-0.24,2,481,342,68,684,424,369,7,9,3,1996,823,802,50.6,3,7,62.6,0.31,1.6,0.04,302,923,32.7,912,118,71.7,46.9,295,91.2,62.2,581,30,5.2,55,1.45,15.9,11230,15775,71.2,192764,78762,5578,6640,84.0,3901,5075,76.9,1244,2868,43.4,21,31.4,27.6,-10.4,303,848,253,69,725,19.08,498,69,45,42,56,15,58,1.53,34,6,3,4,8,3,657,347,249,61,267,713,37.4,446,396,135,261,1081,869,4,20081,2134,6250,8911,5148,805,20073,576,321,55.7,254,44.1,10429,54446,27529,446,162,549,348,11126,1152,2019-2020
West Ham,29,27.4,44.1,38,418,3420,38.0,49,36,85,45,4,4,64,1.0,48.6,45.4,36.7,82.2,666,1377,1.29,0.95,2.24,1.18,2.13,1.28,0.97,2.24,1.2,2.16,4,38,3420.0,62,1.63,187,127,69.5,10,9,19,7,18.4,6,5,1,0,16.7,49,413,156,37.8,10.87,4.11,0.11,0.29,16.4,13,48.6,45.4,0.11,0.4,-0.4,90,100,85.0,,107,21,177,1.03,49,62,-13,-0.34,48.6,63.8,-15.2,-0.4,1,387,345,66,737,421,417,3,6,3,2052,855,801,51.6,2,6,60.5,0.3,1.5,0.04,288,743,38.8,773,142,62.7,44.6,291,88.7,58.9,600,12,2.0,22,0.58,15.0,12451,16861,73.8,221660,89417,6048,7124,84.9,4538,5680,79.9,1515,2997,50.6,36,36.7,33.4,-0.7,328,1083,244,80,735,19.34,514,78,42,42,47,12,89,2.34,62,7,5,7,8,0,696,374,263,59,300,745,40.3,445,383,117,266,1117,789,16,20992,2159,6259,9681,5265,746,20988,663,397,59.9,264,39.8,11154,62359,30132,485,168,496,322,12348,1370,2019-2020
Wolves,21,26.6,48.3,38,418,3420,38.0,49,34,83,45,4,4,61,2.0,54.1,51.0,37.5,88.5,858,1338,1.29,0.89,2.18,1.18,2.08,1.42,0.99,2.41,1.34,2.33,1,38,3420.0,40,1.05,129,88,69.8,15,14,9,13,34.2,3,1,2,0,66.7,49,457,142,31.1,12.03,3.74,0.1,0.32,17.4,13,54.1,51.0,0.11,-5.1,-6.0,90,100,86.0,,97,19,187,1.55,51,40,11,0.29,54.1,38.0,16.1,0.42,2,407,360,49,718,437,367,4,3,1,2113,775,711,52.2,1,6,35.5,0.26,-3.5,-0.09,250,528,47.3,578,127,53.1,39.0,283,78.1,48.7,530,20,3.8,11,0.29,11.7,14298,18474,77.4,266628,97026,5979,6942,86.1,5777,6928,83.4,1985,3308,60.0,34,37.5,30.0,-3.5,339,1015,223,83,801,21.08,541,70,79,47,46,18,83,2.18,53,6,9,8,7,0,646,358,227,61,281,685,41.0,404,378,109,269,1083,702,23,22660,1987,6969,10797,5105,779,22656,817,509,62.3,308,37.7,11543,66813,36391,559,229,540,338,14176,1320,2019-2020
Arsenal,28,26.7,58.1,38,418,3420,38.0,69,52,121,65,4,5,74,2.0,60.1,56.0,46.7,102.7,868,1874,1.82,1.37,3.18,1.71,3.08,1.58,1.23,2.81,1.47,2.7,2,38,,51,1.34,182,132,75.8,21,7,10,8,21.1,7,7,0,0,0.0,69,462,159,34.4,12.16,4.18,0.14,0.41,16.7,11,60.1,56.0,0.12,8.9,9.0,90,100,83.0,,113,26,153,1.84,73,51,22,0.58,60.1,54.2,5.8,0.15,1,412,455,89,605,412,366,4,7,1,2000,555,637,46.6,1,3,53.5,0.26,3.5,0.09,159,478,33.3,1093,227,29.2,31.7,280,56.8,45.5,489,16,3.3,48,1.26,12.9,18425,22549,81.7,313400,105044,8573,9619,89.1,7384,8450,87.4,1716,2882,59.5,52,46.7,43.9,5.3,363,1220,417,63,831,21.87,655,58,50,34,22,12,116,3.05,91,6,5,6,7,1,609,294,236,79,228,535,42.6,307,424,118,306,1021,798,28,26670,2457,7996,12381,6492,984,26665,536,304,56.7,232,43.3,14890,82862,44451,591,203,564,409,18303,1869,2018-2019
Bournemouth,28,26.6,46.9,38,418,3420,38.0,55,43,98,48,7,9,60,1.0,53.3,46.2,38.8,85.0,738,1435,1.45,1.13,2.58,1.26,2.39,1.4,1.02,2.42,1.22,2.24,3,38,,70,1.84,173,106,62.4,13,6,19,10,26.3,5,5,0,0,0.0,55,437,153,35.0,11.5,4.03,0.11,0.31,17.4,16,53.3,46.2,0.11,1.7,1.8,90,100,86.0,,104,17,162,1.18,56,70,-14,-0.37,53.3,57.2,-3.9,-0.1,0,340,441,57,613,371,299,8,5,3,1910,701,736,48.8,2,6,55.2,0.3,-11.8,-0.31,191,512,37.3,744,203,40.9,36.6,318,65.4,48.7,596,28,4.7,30,0.79,14.3,13505,17650,76.5,231203,91075,6643,7752,85.7,5284,6436,82.1,1261,2489,50.7,43,38.8,34.0,4.2,330,979,330,76,788,20.74,558,83,46,39,47,15,99,2.61,64,9,8,6,9,3,525,285,185,55,216,494,43.7,278,405,152,253,896,1098,21,22079,2437,7561,9507,5257,847,22071,578,291,50.3,287,49.7,13210,69260,36536,532,172,565,356,13405,1422,2018-2019
Brighton,21,27.4,42.4,38,418,3420,38.0,35,24,59,30,5,6,62,4.0,35.3,30.7,24.5,55.2,475,1150,0.92,0.63,1.55,0.79,1.42,0.93,0.64,1.57,0.81,1.45,2,38,,60,1.58,170,110,70.6,9,9,20,7,18.4,10,10,0,0,0.0,35,364,99,27.2,9.58,2.61,0.08,0.3,17.9,12,35.3,30.7,0.09,-0.3,-0.7,90,100,84.0,,99,22,167,0.95,35,60,-25,-0.66,35.3,59.1,-23.8,-0.63,1,463,301,90,636,463,391,5,10,0,1979,824,780,51.4,1,5,55.9,0.28,-4.1,-0.11,328,822,39.9,776,109,62.8,42.7,358,93.6,59.4,561,20,3.6,13,0.34,11.6,11491,15824,72.6,217603,86066,5120,6084,84.2,4413,5549,79.5,1639,3202,51.2,24,24.5,23.1,-0.5,281,887,223,81,647,17.03,427,87,40,35,45,13,55,1.45,29,9,1,7,8,1,679,363,238,78,264,582,45.4,318,415,170,245,1142,1001,17,20254,2464,7030,9055,4366,581,20249,516,269,52.1,247,47.9,10122,54122,26537,374,98,590,336,11393,1138,2018-2019
Burnley,23,28.0,41.2,38,418,3420,38.0,43,32,75,41,2,2,75,1.0,44.4,42.8,31.2,74.0,421,1032,1.13,0.84,1.97,1.08,1.92,1.17,0.82,1.99,1.13,1.95,2,38,,68,1.79,199,134,66.8,11,7,20,8,21.1,3,2,1,0,33.3,43,358,112,31.3,9.42,2.95,0.11,0.37,15.8,14,44.4,42.8,0.12,-1.4,-1.8,90,100,86.0,,86,18,180,1.05,45,68,-23,-0.61,44.4,62.1,-17.7,-0.46,0,360,356,106,692,367,311,1,3,4,1955,1016,1025,49.8,2,8,58.0,0.28,-6.0,-0.16,381,957,39.8,848,95,74.6,48.2,353,91.8,63.0,643,14,2.2,43,1.13,16.4,10134,14793,68.5,194079,85014,4537,5520,82.2,3643,4790,76.1,1595,3463,46.1,32,31.2,27.6,0.8,254,879,239,82,624,16.42,417,81,14,55,52,5,69,1.82,45,8,0,13,3,0,584,280,246,58,237,539,44.0,302,516,222,294,951,1156,19,19189,2542,6104,8875,4395,634,19186,370,207,55.9,163,44.1,7936,43013,21370,336,72,525,314,10031,1020,2018-2019
Cardiff City,25,27.7,35.4,38,418,3420,38.0,33,20,53,30,3,4,66,1.0,42.4,39.2,27.6,66.8,434,918,0.87,0.53,1.39,0.79,1.32,1.11,0.73,1.84,1.03,1.76,1,38,,69,1.82,207,135,68.6,10,4,24,10,26.3,7,4,3,0,42.9,33,413,113,27.4,10.87,2.97,0.07,0.27,17.7,13,42.4,39.2,0.1,-9.4,-9.2,90,100,85.0,,109,18,157,0.89,34,69,-35,-0.92,42.4,61.5,-19.1,-0.5,0,374,390,77,562,529,375,2,7,0,1975,966,966,50.0,1,12,68.2,0.3,-0.8,-0.02,337,1076,31.3,876,51,86.6,53.9,319,99.4,65.6,536,15,2.8,46,1.21,15.4,7170,11715,61.2,138500,66941,3143,4097,76.7,2540,3622,70.1,1160,2987,38.8,20,27.6,25.4,-7.6,294,768,175,57,693,18.24,457,96,32,57,47,4,50,1.32,32,4,3,9,2,0,655,357,234,64,241,607,39.7,366,490,147,343,1184,1034,18,16261,2228,5452,6544,4470,713,16257,475,260,54.7,214,45.1,6221,39405,19337,310,135,519,332,7078,902,2018-2019
Chelsea,24,27.3,62.9,38,418,3420,38.0,61,52,113,56,5,5,49,0.0,58.6,54.6,44.9,99.6,1058,2155,1.61,1.37,2.97,1.47,2.84,1.54,1.18,2.72,1.44,2.62,2,38,,39,1.03,124,84,69.4,21,9,8,16,42.1,2,1,1,0,50.0,61,602,192,31.9,15.84,5.05,0.09,0.29,17.8,30,58.6,54.6,0.09,2.4,1.4,90,100,85.0,,113,20,153,1.89,63,39,24,0.63,58.6,36.4,22.2,0.58,0,339,424,83,692,353,365,5,2,0,2171,523,504,50.9,0,6,36.8,0.28,-2.2,-0.06,123,250,49.2,950,165,15.9,25.9,272,36.4,37.1,395,16,4.1,35,0.92,18.1,22960,26774,85.8,357355,116569,12272,13378,91.7,7956,8992,88.5,1700,2561,66.4,52,44.9,45.9,7.1,482,1640,415,65,1131,29.76,892,58,61,45,54,21,114,3.0,82,5,13,7,6,1,618,280,245,93,241,541,44.5,300,357,73,284,971,645,16,30774,2105,7613,14434,8968,1029,30769,703,449,63.9,253,36.0,18388,103404,58308,897,251,512,458,22820,2135,2018-2019
Crystal Palace,26,27.4,45.2,38,418,3420,38.0,48,33,81,38,10,11,59,2.0,47.6,39.2,29.5,68.7,771,1458,1.26,0.87,2.13,1.0,1.87,1.25,0.78,2.03,1.03,1.81,3,38,,53,1.39,163,110,69.9,14,7,17,12,31.6,5,4,1,0,20.0,48,482,135,28.0,12.68,3.55,0.08,0.28,18.4,16,47.6,39.2,0.08,0.4,-1.2,90,100,87.0,,92,14,174,1.29,51,53,-2,-0.05,47.6,50.1,-2.5,-0.07,1,386,391,78,577,445,446,10,5,1,1996,680,706,49.1,1,7,46.7,0.26,-5.3,-0.14,245,769,31.9,793,159,58.6,43.6,347,87.6,60.4,635,27,4.3,25,0.66,13.6,12697,16870,75.3,222304,89991,6129,7072,86.7,4802,5866,81.9,1371,2862,47.9,33,29.5,27.1,3.5,358,1003,275,63,860,22.63,606,72,55,63,50,14,86,2.26,51,6,7,8,13,1,733,398,270,65,281,590,47.6,309,441,141,300,1178,1011,17,21679,2323,7079,9743,5112,889,21668,667,377,56.5,290,43.5,10553,62673,32736,496,227,576,473,12599,1448,2018-2019
Everton,23,25.7,51.5,38,418,3420,38.0,53,34,87,51,2,5,57,4.0,49.7,45.7,33.7,79.4,697,1581,1.39,0.89,2.29,1.34,2.24,1.31,0.89,2.19,1.2,2.09,1,38,,46,1.21,136,89,67.6,15,9,14,14,36.8,5,2,3,0,60.0,53,493,163,33.1,12.97,4.29,0.1,0.31,16.9,20,49.7,45.7,0.1,3.3,5.3,90,100,85.0,,111,16,155,1.42,54,46,8,0.21,49.7,45.7,4.0,0.1,1,432,418,69,814,453,441,4,5,2,2157,872,877,49.9,2,9,45.3,0.3,1.3,0.03,253,724,34.9,979,152,54.0,42.3,291,67.0,53.7,431,14,3.2,40,1.05,17.3,13878,18477,75.1,242908,92894,6427,7566,84.9,5206,6428,81.0,1589,3045,52.2,34,33.7,30.4,0.3,353,1102,298,94,845,22.24,573,88,57,61,56,10,93,2.45,65,5,8,12,3,0,699,326,290,83,220,511,43.1,291,414,85,329,1152,877,21,23015,2175,6887,10485,5873,856,23011,587,328,55.9,258,44.0,12685,66255,34030,522,166,693,469,13764,1566,2018-2019
Fulham,28,26.0,48.8,38,418,3420,38.0,33,24,57,31,2,3,72,2.0,41.3,39.0,30.0,69.0,628,1487,0.87,0.63,1.5,0.82,1.45,1.09,0.79,1.88,1.03,1.82,3,38,,81,2.13,226,146,66.4,7,5,26,5,13.2,7,5,1,1,16.7,33,451,140,31.0,11.87,3.68,0.07,0.22,19.0,10,41.3,39.0,0.09,-8.3,-8.0,90,100,84.0,,108,22,158,0.68,34,81,-47,-1.24,41.3,68.2,-26.8,-0.71,2,423,342,90,611,434,362,2,7,2,2072,742,718,50.8,1,10,72.4,0.3,-6.6,-0.17,332,777,42.7,834,137,57.7,37.3,356,83.1,54.8,629,9,1.4,42,1.11,16.0,15096,19303,78.2,265652,102124,7060,7958,88.7,6054,7206,84.0,1538,3015,51.0,24,30.0,26.3,-6.0,350,1106,233,69,814,21.42,601,73,47,56,28,9,59,1.55,42,3,6,5,3,0,596,310,231,55,224,524,42.7,300,425,144,281,1030,1030,28,23757,2587,7287,11921,4743,592,23754,566,352,62.2,214,37.8,10604,61784,30746,461,117,594,486,14992,1471,2018-2019
Huddersfield,31,26.2,47.2,38,418,3420,38.0,21,13,34,20,1,1,57,4.0,28.8,28.0,19.9,47.9,601,1248,0.55,0.34,0.89,0.53,0.87,0.76,0.52,1.28,0.74,1.26,3,38,,76,2.0,186,110,62.9,3,7,28,5,13.2,8,7,1,0,12.5,21,400,116,29.0,10.53,3.05,0.05,0.17,19.1,15,28.8,28.0,0.07,-7.8,-8.0,90,100,84.0,,107,22,159,0.42,22,76,-54,-1.42,28.8,60.9,-32.2,-0.85,1,420,370,63,768,531,425,1,9,1,2063,844,807,51.1,3,7,61.1,0.29,-13.9,-0.37,339,815,41.6,1062,109,55.9,40.7,281,78.6,56.0,426,30,7.0,34,0.89,13.3,13045,17777,73.4,237346,93900,6045,7200,84.0,4765,6029,79.0,1792,3398,52.7,13,19.9,17.4,-6.9,283,1023,208,93,683,17.97,487,74,27,43,37,15,33,0.87,23,4,0,3,3,0,708,323,315,70,263,625,42.1,362,496,130,366,1239,682,15,21977,2079,6878,10026,5306,600,21976,443,230,51.9,213,48.1,10888,56003,26785,496,108,567,399,12938,1233,2018-2019
Leicester City,25,25.9,50.9,38,418,3420,38.0,48,34,82,43,5,7,63,5.0,52.4,47.3,37.6,84.9,752,1537,1.26,0.89,2.16,1.13,2.03,1.38,0.99,2.37,1.24,2.23,1,38,,48,1.26,138,90,68.8,15,7,16,10,26.3,5,5,0,0,0.0,48,508,173,34.1,13.37,4.55,0.08,0.25,18.6,19,52.4,47.3,0.1,-4.4,-4.3,90,100,85.0,,111,18,155,1.37,51,48,3,0.08,52.4,43.7,8.7,0.23,3,351,378,72,779,438,393,6,5,0,2087,811,679,54.4,0,4,40.0,0.26,-8.0,-0.21,282,639,44.1,935,127,44.3,37.7,310,72.6,52.3,534,12,2.2,25,0.66,12.5,14640,19068,76.8,259605,95052,6805,7883,86.3,5513,6788,81.2,1752,3120,56.2,34,37.6,31.5,-3.6,381,1181,264,66,898,23.63,625,87,64,56,50,16,85,2.24,59,3,7,7,9,0,675,344,277,54,237,549,43.2,312,429,96,333,1113,1034,24,23657,2242,7084,10997,5824,804,23650,664,392,59.0,272,41.0,13747,72168,38343,572,197,582,357,14553,1530,2018-2019
Liverpool,23,26.1,61.8,38,418,3420,38.0,86,55,141,79,7,7,41,2.0,73.7,68.4,49.8,118.2,857,2008,2.26,1.45,3.71,2.08,3.53,1.94,1.31,3.25,1.8,3.11,1,38,,22,0.58,96,74,77.1,30,7,1,21,55.3,1,0,0,1,,86,568,211,37.1,14.95,5.55,0.14,0.37,17.0,20,73.7,68.4,0.12,12.3,10.6,90,100,86.0,,109,15,157,2.55,89,22,67,1.76,73.7,28.8,44.9,1.18,2,315,347,77,721,314,377,7,1,0,2111,593,587,50.3,0,5,27.2,0.29,5.2,0.14,129,311,41.5,1072,212,20.1,28.8,216,44.0,41.3,385,16,4.2,59,1.55,16.6,21146,25571,82.7,364398,118593,9634,10759,89.5,8817,10042,87.8,1982,3284,60.4,55,49.8,52.6,5.2,422,1520,495,75,1013,26.66,747,74,77,56,45,14,149,3.92,104,10,14,10,10,1,613,257,280,76,251,556,45.1,305,361,78,283,927,670,16,29528,1938,6900,15347,7500,1124,29521,619,356,57.5,263,42.5,19312,91672,48858,765,221,603,424,21029,1988,2018-2019
Manchester City,21,26.7,67.9,38,418,3420,38.0,91,71,162,88,3,4,44,1.0,84.3,81.3,65.5,146.7,1325,2429,2.39,1.87,4.26,2.32,4.18,2.22,1.72,3.94,2.14,3.86,1,38,,23,0.61,81,58,76.5,32,2,4,20,52.6,4,4,0,0,0.0,91,679,252,37.1,17.87,6.63,0.13,0.35,16.9,21,84.3,81.3,0.12,6.7,6.7,90,100,86.0,,108,17,158,2.58,95,23,72,1.89,84.3,24.7,59.6,1.57,0,328,301,98,783,362,327,4,4,0,2000,540,522,50.8,1,5,23.3,0.25,0.3,0.01,98,239,41.0,919,188,17.1,26.8,189,43.4,42.9,282,19,6.7,41,1.08,16.9,24678,28389,86.9,395041,113549,12249,13188,92.9,9318,10379,89.8,1907,2834,67.3,71,65.5,63.6,5.5,516,1948,554,62,1216,32.0,927,71,92,71,44,11,168,4.42,139,6,9,5,8,1,518,214,215,89,193,467,41.3,274,319,63,256,880,570,15,32238,1825,6098,16583,9800,1458,32234,734,437,59.5,296,40.3,22457,118990,68197,1017,366,509,393,24519,2412,2018-2019
Manchester Utd,28,26.3,54.7,38,418,3420,38.0,65,40,105,56,9,12,77,4.0,61.4,52.0,39.6,91.6,801,1668,1.71,1.05,2.76,1.47,2.53,1.62,1.04,2.66,1.37,2.41,1,38,,54,1.42,171,120,71.9,19,9,10,7,18.4,6,6,0,0,0.0,65,514,210,40.9,13.53,5.53,0.11,0.27,18.7,27,61.4,52.0,0.1,3.6,4.0,90,100,85.0,,112,20,154,1.74,65,54,11,0.29,61.4,50.6,10.8,0.29,2,433,397,90,638,355,347,11,6,3,1969,687,550,55.5,2,7,49.9,0.26,-1.1,-0.03,265,620,42.7,769,153,46.6,38.2,332,78.9,54.6,524,9,1.7,25,0.66,13.4,16834,20942,80.4,284489,101728,7987,8945,89.3,6247,7334,85.2,1704,2961,57.5,40,39.6,38.3,0.4,381,1219,339,58,957,25.18,730,61,54,53,52,7,118,3.11,81,4,12,10,10,1,581,280,239,62,240,544,44.1,304,445,128,317,936,847,26,25095,2262,6748,12550,5992,893,25083,553,321,58.0,231,41.8,13180,70206,39118,594,215,528,424,16742,1662,2018-2019
Newcastle Utd,24,26.9,40.4,38,418,3420,38.0,41,33,74,40,1,3,57,2.0,39.1,36.7,27.4,64.1,467,985,1.08,0.87,1.95,1.05,1.92,1.03,0.72,1.75,0.97,1.69,1,38,,48,1.26,140,93,70.0,12,9,17,11,28.9,6,6,0,0,0.0,41,443,136,30.7,11.66,3.58,0.09,0.29,18.8,16,39.1,36.7,0.09,1.9,3.3,90,100,86.0,,99,17,167,1.18,42,48,-6,-0.16,39.1,53.6,-14.5,-0.38,0,423,332,59,711,506,433,2,6,1,2034,785,914,46.2,2,9,42.3,0.27,-4.7,-0.12,250,708,35.3,850,140,51.1,38.9,323,84.8,57.9,651,43,6.6,33,0.87,12.0,10774,15231,70.7,197304,79475,4812,5773,83.4,3758,4863,77.3,1584,3269,48.5,33,27.4,23.4,5.6,324,792,255,99,784,20.63,571,77,33,43,42,18,68,1.79,46,5,4,10,2,1,711,356,291,64,241,565,42.7,324,472,135,337,1217,1204,16,20048,2360,7025,8767,4458,641,20045,444,236,53.2,207,46.6,8749,46542,23595,410,95,590,400,10705,976,2018-2019
Southampton,30,25.4,43.4,38,418,3420,38.0,44,27,71,40,4,5,75,3.0,46.9,43.4,29.3,72.7,603,1333,1.16,0.71,1.87,1.05,1.76,1.23,0.77,2.0,1.14,1.91,3,38,,65,1.71,175,112,64.0,9,12,17,7,18.4,3,2,1,0,33.3,44,479,155,32.4,12.61,4.08,0.08,0.26,18.9,20,46.9,43.4,0.1,-2.9,-3.4,90,100,85.0,,107,20,159,1.03,45,65,-20,-0.53,46.9,55.1,-8.2,-0.22,2,420,341,61,666,549,428,4,3,3,2053,767,873,46.8,0,6,54.0,0.3,-8.0,-0.21,213,714,29.8,709,103,65.6,42.8,287,86.8,58.8,546,20,3.7,29,0.76,11.6,11463,15930,72.0,201495,79147,5615,6610,84.9,4317,5535,78.0,1241,2873,43.2,27,29.3,27.9,-2.3,337,1086,260,68,819,21.55,565,73,49,62,47,23,77,2.03,54,3,3,6,7,4,698,335,283,80,277,646,42.9,369,533,153,380,1247,1128,18,20812,2150,5984,9949,5087,709,20807,508,287,56.5,221,43.5,9653,54428,27555,444,155,539,380,11354,1313,2018-2019
Tottenham,28,26.8,59.0,38,418,3420,38.0,66,47,113,62,4,4,58,3.0,54.9,51.8,39.1,90.9,840,1744,1.74,1.24,2.97,1.63,2.87,1.44,1.03,2.47,1.36,2.39,3,38,,39,1.03,156,118,76.9,23,2,13,13,34.2,5,3,2,0,40.0,66,533,182,34.1,14.03,4.79,0.12,0.34,18.1,23,54.9,51.8,0.1,11.1,10.2,90,100,86.0,,106,15,160,1.87,67,39,28,0.74,54.9,47.1,7.8,0.2,1,376,364,74,643,325,373,3,5,3,2107,599,611,49.5,1,7,47.7,0.28,11.7,0.31,183,464,39.4,1089,191,28.8,24.7,288,52.1,43.1,514,16,3.1,40,1.05,15.4,18808,23056,81.6,324971,107296,8731,9745,89.6,7694,8904,86.4,1810,3083,58.7,47,39.1,36.2,7.9,392,1283,364,90,937,24.66,676,81,62,55,46,17,115,3.03,81,9,6,11,7,1,627,310,237,80,268,577,46.4,309,415,112,303,952,823,20,27311,2487,7711,13441,6402,884,27307,672,370,55.1,302,44.9,17170,84748,44019,684,205,603,349,18666,1727,2018-2019
Watford,25,28.5,46.7,38,418,3420,38.0,51,39,90,50,1,1,80,4.0,48.2,47.5,34.8,82.3,588,1294,1.34,1.03,2.37,1.32,2.34,1.27,0.92,2.19,1.25,2.17,1,38,,59,1.55,180,123,69.4,14,8,16,7,18.4,5,4,1,0,20.0,51,436,148,33.9,11.47,3.89,0.11,0.34,17.3,22,48.2,47.5,0.11,2.8,2.5,90,100,85.0,,103,18,163,1.32,52,59,-7,-0.18,48.2,59.2,-11.0,-0.29,1,433,382,89,570,428,391,1,5,3,2021,753,797,48.6,2,6,55.5,0.3,-0.5,-0.01,340,941,36.1,942,98,69.9,45.9,308,91.9,63.2,575,31,5.4,72,1.89,16.9,12550,16974,73.9,213157,87312,6240,7278,85.7,4322,5450,79.3,1370,2902,47.2,39,34.8,28.5,4.2,310,944,291,55,724,19.05,523,56,46,42,46,11,83,2.18,48,8,15,6,4,2,656,350,243,63,257,622,41.3,365,404,120,284,1084,1022,18,21508,2252,6504,9887,5303,845,21507,543,292,53.8,251,46.2,11747,56181,28366,434,191,586,418,12440,1273,2018-2019
West Ham,26,27.6,48.6,38,418,3420,38.0,51,33,84,46,5,5,59,1.0,47.6,43.8,34.1,77.9,731,1478,1.34,0.87,2.21,1.21,2.08,1.25,0.9,2.15,1.15,2.05,1,38,,55,1.45,198,143,74.2,15,7,16,7,18.4,5,4,1,0,20.0,51,436,149,34.2,11.47,3.92,0.11,0.31,17.2,17,47.6,43.8,0.1,3.4,2.2,90,100,84.0,,113,23,152,1.37,52,55,-3,-0.08,47.6,61.9,-14.3,-0.38,0,331,388,71,631,457,393,5,5,1,2104,636,620,50.6,0,10,62.7,0.31,8.7,0.23,306,825,37.1,917,155,59.0,43.0,309,91.9,61.3,554,29,5.2,16,0.42,12.1,13847,18038,76.8,239173,90485,6655,7661,86.9,4834,5923,81.6,1640,2995,54.8,33,34.1,30.9,-1.1,325,1005,266,55,772,20.32,545,77,43,54,36,17,88,2.32,60,5,7,10,5,1,723,385,279,59,295,697,42.3,402,488,142,346,1180,926,16,22541,2350,6338,11093,5350,782,22536,668,389,58.2,279,41.8,11634,67597,34846,542,189,552,390,13762,1471,2018-2019
Wolves,21,26.1,46.8,38,418,3420,38.0,46,35,81,42,4,4,73,1.0,52.1,49.0,39.4,88.4,743,1350,1.21,0.92,2.13,1.11,2.03,1.37,1.04,2.41,1.29,2.33,3,38,,46,1.21,141,99,69.5,16,9,13,9,23.7,4,3,0,1,0.0,46,473,144,30.4,12.45,3.79,0.09,0.29,17.7,12,52.1,49.0,0.11,-6.1,-7.0,90,100,85.0,,110,17,156,1.5,47,46,1,0.03,52.1,42.1,10.1,0.26,0,409,325,73,622,501,408,4,4,4,2239,803,788,50.5,1,6,39.4,0.26,-2.6,-0.07,218,552,39.5,593,105,52.4,39.1,291,82.8,50.5,508,15,3.0,18,0.47,12.1,13961,18261,76.5,255563,92552,5966,6900,86.5,5519,6661,82.9,1884,3353,56.2,35,39.4,30.3,-4.4,348,1053,242,73,828,21.79,605,69,53,48,40,13,82,2.16,58,6,4,6,8,0,720,385,284,51,283,664,42.6,381,499,148,351,1221,895,23,22684,2093,6742,11104,5061,705,22680,596,331,55.5,264,44.3,11225,63786,34764,494,192,498,401,13845,1335,2018-2019
Arsenal,30,26.8,61.4,38,418,3420,38.0,73,61,134,69,4,5,57,,68.3,64.3,53.3,117.6,915,2223,1.92,1.61,3.53,1.82,3.42,1.8,1.4,3.2,1.69,3.1,2,38,,51,1.34,147,94,68.7,19,6,13,13,34.2,6,5,1,0,16.7,73,589,223,37.9,15.5,5.87,0.12,0.31,17.9,30,68.3,64.3,0.11,4.7,4.7,90,100,,,101,0,165,1.66,74,51,23,0.61,68.3,47.8,20.5,0.54,0,383,377,89,572,427,425,5,6,0,2148,630,660,48.8,0,6,48.4,0.29,-2.6,-0.07,164,460,35.7,925,250,32.9,29.3,253,61.7,47.3,508,39,7.7,59,1.55,13.1,20878,25193,82.9,353044,121329,9800,10957,89.4,8683,9926,87.5,1749,2912,60.1,61,53.3,55.2,7.7,444,1658,478,49,1079,28.39,830,53,70,65,53,8,131,3.45,95,8,7,12,7,2,623,312,227,84,218,581,37.5,363,372,103,269,1050,879,33,29146,2201,7494,13560,8306,1104,29141,547,383,70.0,164,30.0,18631,95357,50346,805,214,540,412,20745,2210,2017-2018
Bournemouth,22,26.9,48.1,38,418,3420,38.0,45,36,81,42,3,3,57,,38.8,36.4,29.1,65.5,702,1526,1.18,0.95,2.13,1.11,2.05,1.02,0.77,1.79,0.96,1.72,1,38,,61,1.61,170,109,65.3,11,11,16,6,15.8,3,2,1,0,33.3,45,462,153,33.1,12.16,4.03,0.09,0.27,18.3,15,38.8,36.4,0.08,6.2,5.6,90,100,,,109,0,157,1.16,45,61,-16,-0.42,38.8,59.2,-20.4,-0.54,1,339,411,52,707,367,324,2,3,1,1956,698,750,48.2,2,7,54.8,0.31,-5.2,-0.14,223,647,34.5,832,215,45.7,38.9,328,81.4,55.5,611,35,5.7,18,0.47,10.2,13450,17962,74.9,251392,100287,5626,6838,82.3,5928,7241,81.9,1638,3176,51.6,36,29.1,30.3,6.9,348,1220,291,67,809,21.29,582,78,53,42,39,15,83,2.18,53,8,5,8,7,2,509,272,187,50,198,525,37.7,327,453,160,293,876,1129,25,22240,2420,7636,9472,5366,780,22237,638,343,53.8,291,45.6,11197,66091,33018,474,169,564,419,13346,1505,2017-2018
Brighton,24,27.5,43.7,38,418,3420,38.0,33,25,58,28,5,7,54,,37.0,31.8,26.2,58.0,523,1230,0.87,0.66,1.53,0.74,1.39,0.97,0.69,1.66,0.84,1.53,1,38,,54,1.42,172,121,69.2,9,13,16,10,26.3,3,1,2,0,66.7,33,377,110,29.2,9.92,2.89,0.07,0.25,18.3,4,37.0,31.8,0.09,-4.0,-3.8,90,100,,,101,0,165,1.05,34,54,-20,-0.53,37.0,50.8,-13.8,-0.36,0,413,277,98,680,449,380,7,3,5,2122,796,777,50.6,1,15,48.8,0.28,-0.2,-0.01,345,875,39.4,823,122,66.5,44.5,352,93.2,57.9,623,38,6.1,17,0.45,10.2,11838,16372,72.3,227791,89034,4898,5881,83.3,4601,5764,79.8,1872,3610,51.9,25,26.2,22.5,-1.2,283,885,193,65,684,18.0,489,73,46,37,31,8,60,1.58,43,3,4,4,6,0,599,360,205,34,205,642,31.9,437,430,190,240,1048,1182,18,20478,2530,7473,8781,4463,594,20471,487,299,61.4,188,38.6,10099,57499,29182,375,113,496,296,11749,1216,2017-2018
Burnley,24,27.5,43.7,38,418,3420,38.0,35,26,61,35,0,0,65,,32.3,32.3,23.6,55.9,431,1103,0.92,0.68,1.61,0.92,1.61,0.85,0.62,1.47,0.85,1.47,2,38,,39,1.03,160,121,77.5,14,12,12,12,31.6,5,3,1,1,25.0,35,378,126,33.3,9.95,3.32,0.09,0.28,17.0,16,32.3,32.3,0.09,2.7,2.7,90,100,,,83,0,183,1.42,36,39,-3,-0.08,32.3,51.2,-18.9,-0.5,0,350,422,100,707,400,355,0,5,1,1875,912,967,48.5,0,4,47.3,0.28,9.3,0.25,382,1074,35.6,1004,140,76.5,52.1,329,93.0,66.1,662,59,8.9,40,1.05,12.5,10524,15340,68.6,209049,89786,4349,5306,82.0,4168,5417,76.9,1695,3719,45.6,26,23.6,23.5,2.4,278,974,213,89,664,17.47,441,88,36,43,48,8,58,1.53,37,4,4,11,2,0,533,272,217,44,204,553,36.9,349,457,191,266,933,1300,8,19452,2376,6334,8960,4332,589,19452,345,218,63.2,127,36.8,8853,45635,22260,329,88,489,345,10419,1090,2017-2018
Chelsea,26,26.7,55.6,38,418,3420,38.0,60,42,102,57,3,3,46,,54.4,52.0,41.5,93.5,1045,1998,1.58,1.11,2.68,1.5,2.61,1.43,1.09,2.52,1.37,2.46,2,38,,38,1.0,117,81,69.2,21,7,10,16,42.1,2,2,0,0,0.0,60,603,210,34.8,15.87,5.53,0.09,0.27,17.9,20,54.4,52.0,0.09,5.6,5.0,90,100,,,109,0,157,1.84,62,38,24,0.63,54.4,33.8,20.6,0.54,2,363,405,108,755,424,426,3,2,2,2233,602,506,54.3,0,2,35.1,0.29,-0.9,-0.02,169,468,36.1,1034,226,32.0,33.8,263,52.1,45.7,479,27,5.6,29,0.76,13.2,18967,23101,82.1,329238,111578,8564,9566,89.5,7753,8910,87.0,1892,3091,61.2,42,41.5,43.3,0.5,482,1431,398,74,1114,29.32,838,83,81,54,46,12,110,2.89,84,7,8,3,8,0,636,321,251,64,208,550,37.8,342,365,107,258,1060,842,24,27165,2307,8084,12055,7334,988,27162,734,513,69.9,221,30.1,16479,93989,51657,699,238,533,414,18823,1969,2017-2018
Crystal Palace,28,27.1,45.2,38,418,3420,38.0,44,26,70,36,8,10,72,,53.5,45.9,33.3,79.2,727,1308,1.16,0.68,1.84,0.95,1.63,1.41,0.88,2.28,1.21,2.08,2,38,,55,1.45,170,117,68.8,11,11,16,9,23.7,2,2,0,0,0.0,44,466,134,28.8,12.26,3.53,0.08,0.27,17.8,20,53.5,45.9,0.1,-9.5,-9.9,90,100,,,73,0,191,1.16,45,55,-10,-0.26,53.5,48.2,5.2,0.14,0,425,404,56,703,552,447,9,2,2,2156,752,708,51.5,1,11,51.5,0.3,-1.5,-0.04,312,826,37.8,777,110,68.5,47.3,316,93.0,62.8,612,37,6.0,32,0.84,13.4,11809,16114,73.3,208774,89985,5714,6694,85.4,4344,5524,78.6,1358,2967,45.8,26,33.3,28.6,-7.3,331,1037,273,58,834,21.95,528,83,90,56,60,17,78,2.05,50,3,7,9,9,0,686,393,237,56,260,666,39.0,406,466,117,349,1238,1110,22,20777,2192,6612,9120,5293,811,20767,718,479,66.7,239,33.3,11461,62001,31023,526,213,618,482,11715,1297,2017-2018
Everton,30,26.7,45.5,38,418,3420,38.0,42,26,68,37,5,8,55,,40.5,34.1,24.7,58.8,477,1161,1.11,0.68,1.79,0.97,1.66,1.07,0.65,1.71,0.9,1.55,1,38,,58,1.53,178,119,69.1,13,10,15,10,26.3,5,3,1,1,25.0,42,351,110,31.3,9.24,2.89,0.11,0.34,17.6,8,40.5,34.1,0.1,1.5,2.9,90,100,,,114,0,152,1.29,44,58,-14,-0.37,40.5,52.4,-11.9,-0.31,2,460,364,82,629,514,447,8,5,0,2046,760,852,47.1,0,6,56.1,0.3,-1.9,-0.05,322,945,34.1,984,162,64.0,47.8,340,92.6,67.2,591,27,4.6,51,1.34,14.9,11953,16472,72.6,221336,88831,5380,6360,84.6,4511,5598,80.6,1579,3385,46.6,26,24.7,24.5,1.3,263,1044,211,70,629,16.55,454,59,31,31,42,12,71,1.87,41,4,8,9,5,4,644,360,206,78,223,612,36.4,389,426,160,266,1158,1308,22,20994,2427,7086,9205,4900,608,20986,461,264,57.3,197,42.7,10177,52954,26650,352,105,616,381,11850,1152,2017-2018
Huddersfield,25,26.4,45.7,38,418,3420,38.0,25,19,44,23,2,2,65,,31.3,29.8,23.7,53.5,627,1210,0.66,0.5,1.16,0.61,1.11,0.82,0.62,1.45,0.78,1.41,1,38,,58,1.53,158,99,65.8,9,10,19,10,26.3,6,4,2,0,33.3,25,360,106,29.4,9.47,2.79,0.06,0.22,18.8,14,31.3,29.8,0.08,-6.3,-6.8,90,100,,,112,0,154,0.97,28,58,-30,-0.79,31.3,48.5,-17.2,-0.45,2,397,363,67,765,518,502,2,6,1,2141,788,800,49.6,0,6,51.7,0.3,-5.3,-0.14,360,891,40.4,1083,103,59.4,45.2,304,81.6,57.9,493,31,6.3,55,1.45,14.4,12036,16822,71.5,222821,88700,5283,6357,83.1,4787,6127,78.1,1549,3270,47.4,19,23.7,19.8,-4.7,260,937,180,77,621,16.34,443,52,39,35,36,16,45,1.18,29,4,6,3,3,0,743,354,306,83,249,630,39.5,381,453,118,335,1261,1129,22,21340,2267,7032,9501,5064,533,21338,491,276,56.2,215,43.8,10213,60650,29381,495,127,546,416,11895,1189,2017-2018
Leicester City,27,27.2,48.0,38,418,3420,38.0,53,38,91,48,5,6,60,,50.0,45.3,34.9,80.2,655,1271,1.39,1.0,2.39,1.26,2.26,1.32,0.92,2.24,1.19,2.11,3,38,,60,1.58,164,104,64.6,12,11,15,9,23.7,4,2,2,0,50.0,53,417,137,32.9,10.97,3.61,0.12,0.35,17.6,11,50.0,45.3,0.11,3.0,2.7,90,100,,,107,0,159,1.24,56,60,-4,-0.11,50.0,48.1,1.9,0.05,4,364,357,92,744,414,417,6,4,2,2154,787,752,51.1,3,11,50.5,0.29,-7.5,-0.2,338,875,38.6,973,134,60.4,43.8,307,93.5,63.3,563,28,5.0,66,1.74,16.3,12357,17124,72.2,226357,89044,5532,6632,83.4,4543,5830,77.9,1720,3430,50.1,38,34.9,31.1,3.1,297,1010,225,72,731,19.24,495,83,63,45,38,7,94,2.47,68,8,6,5,7,0,630,332,249,49,208,616,33.8,408,465,130,335,1044,1007,17,21322,2209,6497,10115,4964,673,21316,718,422,58.8,294,40.9,10418,64343,32440,471,151,516,358,12216,1251,2017-2018
Liverpool,27,25.6,60.3,38,418,3420,38.0,82,58,140,80,2,3,44,,72.9,70.6,52.7,123.3,982,2236,2.16,1.53,3.68,2.11,3.63,1.92,1.39,3.31,1.86,3.24,2,38,,38,1.0,104,64,67.3,21,12,5,17,44.7,6,4,2,0,33.3,82,635,226,35.6,16.71,5.95,0.13,0.35,17.7,22,72.9,70.6,0.11,9.1,9.4,90,100,,,111,0,155,1.97,84,38,46,1.21,72.9,33.8,39.1,1.03,0,344,305,70,764,379,450,3,6,0,2258,585,650,47.4,0,5,36.4,0.3,-1.6,-0.04,130,435,29.9,1023,208,33.2,32.6,204,46.6,42.8,393,25,6.4,67,1.76,17.5,20367,24900,81.8,367077,125520,8322,9359,88.9,9546,10936,87.3,1998,3478,57.4,58,52.7,47.7,5.3,488,1763,464,67,1139,29.97,859,71,98,58,36,17,144,3.79,98,5,27,8,5,1,637,265,285,87,196,521,37.6,325,388,71,317,1016,788,12,28759,1843,6993,14748,7291,1064,28756,652,440,67.5,210,32.2,16418,88873,48496,690,235,574,447,20236,2218,2017-2018
Manchester City,25,26.4,71.0,38,418,3420,38.0,103,85,188,97,6,8,63,,78.6,72.7,57.9,130.6,1308,2570,2.71,2.24,4.95,2.55,4.79,2.07,1.52,3.59,1.91,3.44,2,38,,27,0.71,85,58,68.2,32,4,2,18,47.4,2,0,2,0,100.0,103,656,254,38.7,17.26,6.68,0.15,0.38,17.8,30,78.6,72.7,0.11,24.4,24.3,90,100,,,106,0,158,2.63,106,27,79,2.08,78.6,23.8,54.8,1.44,2,344,354,67,691,346,381,8,2,2,2104,512,418,55.1,1,1,25.5,0.28,0.5,0.01,114,239,47.7,996,183,15.0,26.2,170,52.9,45.7,286,21,7.3,90,2.37,18.8,26164,29961,87.3,421270,127277,13122,14165,92.6,10259,11378,90.2,1810,2720,66.5,85,57.9,60.7,27.1,498,2026,525,44,1209,31.82,943,73,76,52,52,13,193,5.08,150,8,16,7,10,2,563,257,215,91,195,561,34.8,366,328,53,275,909,620,19,33628,1767,6970,17205,9719,1255,33620,732,503,68.7,228,31.1,21785,117099,66804,973,331,553,406,26023,2550,2017-2018
Manchester Utd,27,26.7,54.7,38,418,3420,38.0,67,53,120,66,1,3,64,,55.7,53.3,40.5,93.8,920,1564,1.76,1.39,3.16,1.74,3.13,1.47,1.07,2.53,1.4,2.47,2,38,,28,0.74,143,117,81.1,25,6,7,19,50.0,1,1,0,0,0.0,67,509,170,33.4,13.39,4.47,0.13,0.39,18.4,21,55.7,53.3,0.11,11.3,12.7,90,100,,,111,0,155,2.13,68,28,40,1.05,55.7,40.7,15.0,0.4,0,405,422,88,753,481,369,1,1,2,2133,617,493,55.6,1,5,39.4,0.28,13.4,0.35,238,627,38.0,817,152,48.5,39.6,297,77.8,55.8,501,17,3.4,21,0.55,12.8,17765,21865,81.2,292678,102023,8463,9383,90.2,6387,7424,86.0,1751,3131,55.9,53,40.5,42.2,12.5,377,1324,357,73,916,24.11,699,54,69,45,38,11,117,3.08,81,6,12,12,5,1,564,275,218,71,173,555,31.2,382,382,112,270,1045,926,20,25907,2212,6985,12031,7107,895,25904,736,466,63.3,270,36.7,14201,79919,43760,695,217,512,399,17639,1547,2017-2018
Newcastle Utd,27,25.6,41.7,38,418,3420,38.0,38,29,67,38,0,1,54,,41.6,40.9,32.1,72.9,548,1145,1.0,0.76,1.76,1.0,1.76,1.1,0.84,1.94,1.08,1.92,3,38,,47,1.24,148,102,70.9,12,8,18,9,23.7,6,4,2,0,33.3,38,450,146,32.4,11.84,3.84,0.08,0.26,19.2,21,41.6,40.9,0.09,-3.6,-2.9,90,100,,,112,0,154,1.16,39,47,-8,-0.21,41.6,52.4,-10.8,-0.28,1,409,369,63,616,441,426,1,6,3,2021,884,927,48.8,0,3,48.8,0.3,4.8,0.13,293,801,36.6,880,115,58.8,38.5,339,83.8,56.4,601,39,6.5,32,0.84,12.9,11071,15659,70.7,199740,86134,5153,6161,83.6,4100,5358,76.5,1385,3119,44.4,29,32.1,26.1,-3.1,321,911,220,75,781,20.55,561,72,45,44,39,20,63,1.66,43,7,2,10,1,0,645,338,255,52,221,638,34.6,417,475,117,358,1086,1219,17,20180,2275,6899,8975,4531,601,20179,535,304,56.8,230,43.0,9949,52745,27557,436,121,523,410,10963,1134,2017-2018
Southampton,26,26.2,51.3,38,418,3420,38.0,36,23,59,33,3,3,65,,39.9,37.6,29.5,67.0,694,1609,0.95,0.61,1.55,0.87,1.47,1.05,0.78,1.83,0.99,1.76,2,38,,56,1.47,165,108,66.7,7,15,16,8,21.1,2,1,1,0,50.0,36,447,136,30.4,11.76,3.58,0.07,0.24,18.1,11,39.9,37.6,0.09,-3.9,-4.6,90,100,,,113,0,153,0.95,37,56,-19,-0.5,39.9,45.2,-5.3,-0.14,1,416,377,73,800,462,454,3,2,0,2222,687,821,45.6,1,6,46.3,0.28,-9.7,-0.25,200,683,29.3,664,118,61.6,43.4,304,90.1,59.3,569,29,5.1,24,0.63,14.1,14336,19027,75.3,248346,90480,6923,7931,87.3,5463,6720,81.3,1497,3220,46.5,23,29.5,31.3,-6.5,343,1154,288,77,799,21.03,590,71,54,42,32,10,65,1.71,40,5,9,6,5,0,658,342,250,66,244,605,40.3,361,455,128,327,1120,1034,25,23169,2056,6325,11460,5644,700,23166,531,379,71.4,151,28.4,13356,68599,36430,517,137,495,379,14215,1592,2017-2018
Stoke City,30,27.5,41.4,38,418,3420,38.0,34,28,62,34,0,3,62,,36.5,34.1,27.4,61.4,477,1150,0.89,0.74,1.63,0.89,1.63,0.96,0.72,1.68,0.9,1.62,2,38,,68,1.79,216,150,70.8,7,12,19,6,15.8,5,5,0,0,0.0,34,380,122,32.1,10.0,3.21,0.09,0.28,18.1,11,36.5,34.1,0.09,-2.5,-0.1,90,100,,,92,0,174,0.87,35,68,-33,-0.87,36.5,62.5,-26.0,-0.69,0,436,375,87,598,461,437,2,5,2,1832,974,774,55.7,0,9,66.5,0.29,0.5,0.01,402,1029,39.1,1003,117,70.3,42.9,361,89.8,62.2,648,26,4.0,43,1.13,18.6,10122,14569,69.5,194245,88499,4435,5386,82.3,3825,5023,76.1,1514,3194,47.4,28,27.4,25.8,0.6,288,921,230,60,669,17.61,463,69,41,44,41,11,62,1.63,39,8,4,7,3,1,678,370,252,56,228,600,38.0,372,424,142,282,1139,1265,20,18935,2513,6385,8544,4268,596,18932,507,325,64.1,182,35.9,9409,51906,25144,403,108,532,403,9994,1123,2017-2018
Swansea City,26,27.2,45.3,38,418,3420,38.0,27,20,47,26,1,1,51,,31.6,30.8,20.2,51.0,596,1194,0.71,0.53,1.24,0.68,1.21,0.83,0.53,1.36,0.81,1.34,1,38,,56,1.47,190,133,72.1,8,9,21,9,23.7,6,3,3,0,50.0,27,338,95,28.1,8.89,2.5,0.08,0.27,18.2,15,31.6,30.8,0.1,-4.6,-4.8,90,100,,,109,0,157,0.87,28,56,-28,-0.74,31.6,58.6,-27.0,-0.71,0,377,400,38,694,390,417,1,6,2,1877,687,769,47.2,1,5,59.5,0.28,5.5,0.14,315,812,38.8,914,159,54.5,42.2,358,87.7,59.9,615,42,6.8,22,0.58,11.4,13223,17437,75.8,247025,93673,5802,6660,87.1,5291,6513,81.2,1760,3374,52.2,20,20.2,19.7,-0.2,223,973,190,57,581,15.29,395,57,48,37,33,11,40,1.05,23,7,1,6,1,2,610,286,241,83,221,550,40.2,329,411,124,287,1000,1019,21,21278,2441,7047,9908,4554,536,21277,523,318,60.8,205,39.2,10613,62008,31717,451,111,503,439,13108,1174,2017-2018
Tottenham,25,25.8,61.8,38,418,3420,38.0,70,51,121,68,2,3,52,,64.7,62.3,49.0,111.3,862,2249,1.84,1.34,3.18,1.79,3.13,1.7,1.29,2.99,1.64,2.93,3,38,,36,0.95,124,89,72.6,23,8,7,16,42.1,3,2,0,1,0.0,70,620,209,33.7,16.32,5.5,0.11,0.33,18.4,28,64.7,62.3,0.1,5.3,5.7,90,100,,,108,0,157,2.03,74,36,38,1.0,64.7,33.9,30.8,0.81,1,384,394,88,825,380,399,3,3,1,2142,605,583,50.9,1,7,35.0,0.27,0.0,0.0,159,397,40.1,972,174,29.4,33.4,244,45.5,40.8,452,19,4.2,78,2.05,15.6,19284,23695,81.4,363818,126442,7604,8618,88.2,9105,10458,87.1,2278,3694,61.7,51,49.0,43.6,2.0,462,1793,394,63,1092,28.74,811,75,68,72,51,15,114,3.0,81,7,8,11,7,0,618,272,259,87,212,537,39.5,325,360,74,286,998,878,22,27821,2080,7157,13466,7466,949,27818,719,436,60.6,281,39.1,14767,80757,42259,642,180,534,460,19147,2228,2017-2018
Watford,29,27.9,49.7,38,418,3420,38.0,42,27,69,39,3,6,65,,45.0,40.2,29.2,69.4,647,1455,1.11,0.71,1.82,1.03,1.74,1.19,0.77,1.95,1.06,1.83,2,38,,64,1.68,156,93,62.8,11,8,19,9,23.7,6,6,0,0,0.0,42,434,126,29.0,11.42,3.32,0.09,0.31,17.9,10,45.0,40.2,0.09,-3.0,-1.2,90,100,,,111,0,155,1.08,44,64,-20,-0.53,45.0,51.8,-6.8,-0.18,1,441,381,74,713,467,432,6,6,1,2105,841,883,48.8,1,9,55.9,0.33,-7.1,-0.19,320,804,39.8,889,146,66.1,42.3,260,83.1,56.9,524,25,4.8,27,0.71,12.2,12758,17513,72.8,225604,93079,6170,7329,84.2,4621,5948,77.7,1528,3090,49.4,27,29.2,29.4,-2.2,320,1071,285,79,766,20.16,526,73,60,47,40,20,69,1.82,41,5,8,10,5,0,668,337,263,68,237,609,38.9,372,359,98,261,1135,997,17,21692,2087,6318,10225,5377,783,21686,565,332,58.8,233,41.2,11811,58427,29594,479,162,547,410,12635,1429,2017-2018
West Brom,24,29.1,40.7,38,418,3420,38.0,31,24,55,30,1,1,73,,36.5,35.7,25.9,61.6,507,1106,0.82,0.63,1.45,0.79,1.42,0.96,0.68,1.64,0.94,1.62,2,38,,56,1.47,154,100,64.3,6,13,19,10,26.3,1,1,0,0,0.0,31,377,111,29.4,9.92,2.92,0.08,0.27,17.7,15,36.5,35.7,0.1,-5.5,-5.7,90,100,,,108,0,157,0.82,31,56,-25,-0.66,36.5,47.9,-11.4,-0.3,0,440,345,79,784,470,385,0,1,2,2094,785,784,50.0,2,7,46.0,0.3,-8.0,-0.21,353,920,38.4,821,70,71.7,48.5,347,95.4,65.4,614,40,6.5,27,0.71,12.8,10495,15004,69.9,201340,89346,4694,5597,83.9,3898,5098,76.5,1590,3408,46.7,24,25.9,26.9,-1.9,272,967,228,115,649,17.08,449,78,40,33,38,11,51,1.34,35,6,4,3,3,0,603,336,204,63,218,625,34.9,407,420,148,272,1073,1087,9,19184,2302,6698,8221,4468,586,19183,527,321,60.9,205,38.9,9820,54221,26753,390,89,532,446,10384,1093,2017-2018
West Ham,27,28.0,45.2,38,418,3420,38.0,48,29,77,46,2,4,75,,36.7,33.6,24.9,58.4,523,1179,1.26,0.76,2.03,1.21,1.97,0.97,0.65,1.62,0.88,1.54,2,38,,68,1.79,187,119,66.3,10,12,16,10,26.3,6,5,1,0,16.7,48,368,127,34.5,9.68,3.34,0.13,0.36,18.2,17,36.7,33.6,0.09,11.3,12.4,90,100,,,97,0,167,1.11,48,68,-20,-0.53,36.7,55.1,-18.4,-0.48,1,379,450,97,733,482,410,4,6,1,2017,743,771,49.1,1,10,60.6,0.31,-6.4,-0.17,329,914,36.0,824,99,72.5,47.7,339,93.5,62.8,600,17,2.8,42,1.11,16.0,11779,16197,72.7,221883,87777,5113,6041,84.6,4678,5850,80.0,1633,3407,47.9,29,24.9,22.7,4.1,278,989,233,78,657,17.29,457,64,57,23,49,7,79,2.08,51,5,9,7,5,2,621,327,238,56,235,620,37.9,385,437,154,283,1103,1085,17,20454,2265,6198,9854,4647,591,20450,642,423,65.9,218,34.0,10086,60796,27961,438,106,503,389,11655,1162,2017-2018
